+ COMPOSE='docker compose --env-file .env.production -f docker/docker-compose.prod.yml'
+ echo '=== состояние сервера ==='
=== состояние сервера ===
+ ssh target 'hostname; docker --version; free -m | head -2; df -h / | tail -1'
Warning: Permanently added '217.149.23.183' (ED25519) to the list of known hosts.
msk-1-vm-sffi
Docker version 29.8.2, build 7fc2dff
               total        used        free      shared  buff/cache   available
Mem:            1900         690         135          19        1286        1210
/dev/sda1        38G  7.9G   30G  21% /
+ echo '=== код проекта ==='
=== код проекта ===
+ rsync -az --delete --exclude node_modules --exclude .next --exclude .git --exclude '*.tsbuildinfo' --exclude .env --exclude .env.production ./ target:/opt/kjar/
+ ssh target 'find /opt/kjar -type f | wc -l'
190
+ echo '=== боевые переменные ==='
=== боевые переменные ===
+ printf '%s\n' 'POSTGRES_USER=kjar
POSTGRES_PASSWORD=4d58e7abab1d76038c044e5bec15b583629541a6bec58c3c
POSTGRES_DB=kjar
DATABASE_URL=postgres://kjar:4d58e7abab1d76038c044e5bec15b583629541a6bec58c3c@db:5432/kjar
JWT_SECRET=195f60e05ceab4699ff9e06f096d311ce914fb76b2bb858bdb8b167e575c8846
JWT_EXPIRES_IN=7d
BCRYPT_SALT_ROUNDS=12
CORS_ORIGIN=https://kjar.ru
NEXT_PUBLIC_SITE_URL=https://kjar.ru
CONTACT_EMAIL=hello@kjar.ru
RATE_LIMIT_WINDOW_MS=900000
RATE_LIMIT_MAX=100
S3_ENDPOINT=http://minio:9000
S3_ACCESS_KEY=eac5af2deccef564d192
S3_SECRET_KEY=7faa75805375516cc0b16680124f6c2f133b43d27e8aea49
S3_BUCKET=kjar
S3_REGION=ru-1
S3_PUBLIC_URL=https://kjar.ru/s3/kjar'
+ ssh target 'umask 077 && cat > /opt/kjar/.env.production'
+ ssh target 'grep -c = /opt/kjar/.env.production'
18
+ echo '=== вход в реестр и получение образов ==='
=== вход в реестр и получение образов ===
+ echo ghs_15368_eyJhbGciOiJFUzI1NiIsInR5cCI6IkpXVCJ9.eyJhdWQiOiJhdXRobmQiLCJjdHgiOiJYTWpyTXdxSHp1bnBZSFhmUkswTFE0VFBfZGR0NXVCVllXaTU3VEFGYWVSMUUtSkM4TVBVVk9zIiwiZXhwIjoxNzkwOTUxNzY5LCJpYXQiOjE3OTA5NDgxNjksImlzcyI6ImdpdGh1YiIsImp0aSI6IjgwMDAzMzk2LWNhZGEtNGRlOC04YWM4LTc0M2E1ZWE4ZTY1OSIsInZlciI6M30.BXiv1jqtpks3FVJWTVCPubGXJ02ZdG6DIsONZBigU1MwInUeTZ3jaw1F_1VCaHhv5Cr5SyPrxwKvi_nqoIJl8w
+ ssh target 'docker login ghcr.io -u DmitryBotyan --password-stdin'
Login Succeeded

WARNING! Your credentials are stored unencrypted in '/root/.docker/config.json'.
Configure a credential helper to remove this warning. See
https://docs.docker.com/go/credential-store/

+ ssh target 'cd /opt/kjar && docker compose --env-file .env.production -f docker/docker-compose.prod.yml pull api web'
 Image ghcr.io/dmitrybotyan/kjar-api:latest Pulling 
 Image ghcr.io/dmitrybotyan/kjar-web:latest Pulling 
 e1a237ca6f52 Pulling fs layer 0B
 60f7640b13a6 Pulling fs layer 0B
 d0acf82fae63 Pulling fs layer 0B
 428f65c4ed51 Pulling fs layer 0B
 8b768f425828 Pulling fs layer 0B
 4f4fb700ef54 Pulling fs layer 0B
 6e93d4787c57 Pulling fs layer 0B
 4091189c18e5 Pulling fs layer 0B
 6404cd70bb37 Pulling fs layer 0B
 3bee7ffc6c2b Pulling fs layer 0B
 63a1151502b1 Pulling fs layer 0B
 9c3be1d5f12c Pulling fs layer 0B
 aa79769d9857 Pulling fs layer 0B
 3fc3aba09dd3 Pulling fs layer 0B
 4f4fb700ef54 Already exists 0B
 4f4fb700ef54 Pull complete 0B
 e1a237ca6f52 Downloading 322.2kB
 e1a237ca6f52 Download complete 0B
 60f7640b13a6 Download complete 0B
 8b768f425828 Download complete 0B
 d0acf82fae63 Download complete 0B
 d0acf82fae63 Extracting 1B
 60f7640b13a6 Pull complete 0B
 d0acf82fae63 Pull complete 0B
 428f65c4ed51 Downloading 2.097MB
 428f65c4ed51 Download complete 0B
 428f65c4ed51 Extracting 1B
 428f65c4ed51 Extracting 1B
 428f65c4ed51 Extracting 1B
 3fc3aba09dd3 Downloading 1.049MB
 428f65c4ed51 Extracting 1B
 3fc3aba09dd3 Downloading 2.097MB
 4091189c18e5 Download complete 0B
 428f65c4ed51 Extracting 1B
 3fc3aba09dd3 Downloading 5.243MB
 6e93d4787c57 Download complete 0B
 428f65c4ed51 Extracting 1B
 6404cd70bb37 Downloading 93B
 3fc3aba09dd3 Downloading 5.243MB
 8b768f425828 Extracting 1B
 428f65c4ed51 Pull complete 0B
 6404cd70bb37 Download complete 0B
 3fc3aba09dd3 Downloading 9.437MB
 e1a237ca6f52 Pull complete 0B
 8b768f425828 Pull complete 0B
 Image ghcr.io/dmitrybotyan/kjar-web:latest Pulled 
 63a1151502b1 Download complete 0B
 3fc3aba09dd3 Downloading 10.49MB
 3fc3aba09dd3 Downloading 12.58MB
 3fc3aba09dd3 Downloading 13.63MB
 3fc3aba09dd3 Downloading 13.63MB
 3bee7ffc6c2b Downloading 1.049MB
 3fc3aba09dd3 Downloading 14.68MB
 3fc3aba09dd3 Downloading 14.68MB
 3bee7ffc6c2b Downloading 3.146MB
 3bee7ffc6c2b Downloading 7.34MB
 3fc3aba09dd3 Downloading 15.73MB
 3bee7ffc6c2b Downloading 9.437MB
 9c3be1d5f12c Downloading 1.049MB
 3fc3aba09dd3 Downloading 17.83MB
 3bee7ffc6c2b Downloading 13.63MB
 9c3be1d5f12c Downloading 2.097MB
 3fc3aba09dd3 Downloading 17.83MB
 3fc3aba09dd3 Downloading 18.87MB
 3bee7ffc6c2b Downloading 15.73MB
 9c3be1d5f12c Downloading 4.194MB
 3fc3aba09dd3 Downloading 19.92MB
 3bee7ffc6c2b Downloading 15.73MB
 9c3be1d5f12c Downloading 5.243MB
 9c3be1d5f12c Downloading 6.291MB
 3fc3aba09dd3 Downloading 19.92MB
 3bee7ffc6c2b Downloading 18.87MB
 3bee7ffc6c2b Downloading 20.97MB
 9c3be1d5f12c Downloading 7.34MB
 3fc3aba09dd3 Downloading 20.97MB
 9c3be1d5f12c Downloading 8.389MB
 3fc3aba09dd3 Downloading 20.97MB
 3bee7ffc6c2b Downloading 22.02MB
 3bee7ffc6c2b Downloading 24.12MB
 9c3be1d5f12c Downloading 9.437MB
 3fc3aba09dd3 Downloading 22.02MB
 3bee7ffc6c2b Downloading 26.21MB
 9c3be1d5f12c Downloading 10.49MB
 3fc3aba09dd3 Downloading 23.07MB
 9c3be1d5f12c Downloading 11.53MB
 3fc3aba09dd3 Downloading 23.07MB
 3bee7ffc6c2b Downloading 26.21MB
 3bee7ffc6c2b Downloading 29.36MB
 9c3be1d5f12c Downloading 12.58MB
 3fc3aba09dd3 Downloading 24.12MB
 3fc3aba09dd3 Downloading 25.17MB
 3bee7ffc6c2b Downloading 31.46MB
 9c3be1d5f12c Downloading 13.63MB
 3fc3aba09dd3 Downloading 25.17MB
 3bee7ffc6c2b Downloading 32.51MB
 9c3be1d5f12c Downloading 15.73MB
 3bee7ffc6c2b Downloading 34.6MB
 9c3be1d5f12c Downloading 16.78MB
 3fc3aba09dd3 Downloading 26.21MB
 9c3be1d5f12c Downloading 17.83MB
 3fc3aba09dd3 Downloading 27.26MB
 3bee7ffc6c2b Downloading 35.65MB
 9c3be1d5f12c Downloading 18.87MB
 3fc3aba09dd3 Downloading 28.31MB
 3bee7ffc6c2b Downloading 37.75MB
 3bee7ffc6c2b Downloading 38.8MB
 9c3be1d5f12c Downloading 20.97MB
 3fc3aba09dd3 Downloading 29.36MB
 9c3be1d5f12c Downloading 20.97MB
 3fc3aba09dd3 Downloading 30.41MB
 3bee7ffc6c2b Downloading 40.89MB
 3bee7ffc6c2b Downloading 41.94MB
 9c3be1d5f12c Downloading 22.02MB
 3fc3aba09dd3 Downloading 31.46MB
 9c3be1d5f12c Downloading 23.07MB
 3fc3aba09dd3 Downloading 32.51MB
 3bee7ffc6c2b Downloading 42.99MB
 9c3be1d5f12c Downloading 23.07MB
 3fc3aba09dd3 Downloading 33.55MB
 3bee7ffc6c2b Downloading 44.04MB
 3fc3aba09dd3 Downloading 34.6MB
 3bee7ffc6c2b Downloading 46.14MB
 9c3be1d5f12c Downloading 24.12MB
 3bee7ffc6c2b Downloading 47.19MB
 9c3be1d5f12c Downloading 25.17MB
 3fc3aba09dd3 Downloading 34.6MB
 3bee7ffc6c2b Downloading 48.23MB
 9c3be1d5f12c Downloading 26.21MB
 3fc3aba09dd3 Downloading 35.65MB
 3bee7ffc6c2b Downloading 49.28MB
 9c3be1d5f12c Downloading 27.26MB
 3fc3aba09dd3 Downloading 36.7MB
 9c3be1d5f12c Downloading 28.31MB
 3fc3aba09dd3 Downloading 37.75MB
 3bee7ffc6c2b Downloading 51.38MB
 9c3be1d5f12c Downloading 29.36MB
 3fc3aba09dd3 Downloading 37.75MB
 3bee7ffc6c2b Downloading 52.43MB
 3bee7ffc6c2b Downloading 54.53MB
 9c3be1d5f12c Downloading 30.41MB
 3fc3aba09dd3 Downloading 38.8MB
 9c3be1d5f12c Downloading 30.48MB
 3fc3aba09dd3 Downloading 39.85MB
 3bee7ffc6c2b Downloading 55.57MB
 9c3be1d5f12c Downloading 32.51MB
 3fc3aba09dd3 Downloading 39.85MB
 3bee7ffc6c2b Downloading 55.57MB
 3bee7ffc6c2b Downloading 56.62MB
 9c3be1d5f12c Downloading 32.51MB
 3fc3aba09dd3 Downloading 40.89MB
 3bee7ffc6c2b Downloading 57.67MB
 9c3be1d5f12c Downloading 33.55MB
 3fc3aba09dd3 Downloading 41.94MB
 3bee7ffc6c2b Downloading 57.67MB
 9c3be1d5f12c Downloading 34.6MB
 3fc3aba09dd3 Downloading 41.94MB
 3bee7ffc6c2b Downloading 58.72MB
 9c3be1d5f12c Downloading 35.65MB
 3fc3aba09dd3 Downloading 42.99MB
 9c3be1d5f12c Downloading 35.65MB
 3fc3aba09dd3 Downloading 44.04MB
 3bee7ffc6c2b Downloading 59.77MB
 3bee7ffc6c2b Downloading 59.77MB
 9c3be1d5f12c Downloading 36.7MB
 3fc3aba09dd3 Downloading 44.04MB
 3bee7ffc6c2b Downloading 60.82MB
 9c3be1d5f12c Downloading 37.75MB
 3fc3aba09dd3 Downloading 45.09MB
 3fc3aba09dd3 Downloading 46.14MB
 3bee7ffc6c2b Downloading 61.87MB
 9c3be1d5f12c Downloading 38.8MB
 9c3be1d5f12c Downloading 39.85MB
 3fc3aba09dd3 Downloading 47.19MB
 3bee7ffc6c2b Downloading 62.91MB
 3bee7ffc6c2b Downloading 65.01MB
 9c3be1d5f12c Downloading 39.85MB
 3fc3aba09dd3 Downloading 47.19MB
 3fc3aba09dd3 Downloading 47.19MB
 3bee7ffc6c2b Downloading 66.06MB
 9c3be1d5f12c Downloading 39.85MB
 9c3be1d5f12c Downloading 40.89MB
 3fc3aba09dd3 Downloading 48.23MB
 3bee7ffc6c2b Downloading 67.11MB
 9c3be1d5f12c Downloading 40.89MB
 3fc3aba09dd3 Downloading 49.28MB
 3bee7ffc6c2b Downloading 68.16MB
 3bee7ffc6c2b Downloading 69.21MB
 9c3be1d5f12c Downloading 40.89MB
 3fc3aba09dd3 Downloading 50.33MB
 9c3be1d5f12c Downloading 41.94MB
 3fc3aba09dd3 Downloading 50.33MB
 3bee7ffc6c2b Downloading 70.25MB
 9c3be1d5f12c Downloading 41.94MB
 3fc3aba09dd3 Downloading 51.38MB
 3bee7ffc6c2b Downloading 71.3MB
 9c3be1d5f12c Downloading 42.99MB
 3fc3aba09dd3 Downloading 52.43MB
 3bee7ffc6c2b Downloading 72.35MB
 3bee7ffc6c2b Downloading 72.35MB
 9c3be1d5f12c Downloading 42.99MB
 3fc3aba09dd3 Downloading 52.43MB
 3bee7ffc6c2b Downloading 73.4MB
 9c3be1d5f12c Downloading 42.99MB
 3fc3aba09dd3 Downloading 53.48MB
 9c3be1d5f12c Downloading 44.04MB
 3fc3aba09dd3 Downloading 54.53MB
 3bee7ffc6c2b Downloading 73.4MB
 3bee7ffc6c2b Downloading 74.45MB
 9c3be1d5f12c Downloading 45.09MB
 3fc3aba09dd3 Downloading 54.53MB
 3bee7ffc6c2b Downloading 74.45MB
 9c3be1d5f12c Downloading 45.09MB
 3fc3aba09dd3 Downloading 55.57MB
 3fc3aba09dd3 Downloading 55.57MB
 3bee7ffc6c2b Downloading 74.45MB
 9c3be1d5f12c Downloading 46.14MB
 9c3be1d5f12c Downloading 46.14MB
 3fc3aba09dd3 Downloading 55.57MB
 3bee7ffc6c2b Downloading 75.5MB
 3bee7ffc6c2b Downloading 75.5MB
 9c3be1d5f12c Downloading 47.19MB
 3fc3aba09dd3 Downloading 55.57MB
 3fc3aba09dd3 Downloading 56.62MB
 3bee7ffc6c2b Downloading 76.55MB
 9c3be1d5f12c Downloading 47.19MB
 3bee7ffc6c2b Downloading 76.55MB
 9c3be1d5f12c Downloading 48.23MB
 3fc3aba09dd3 Downloading 56.62MB
 3bee7ffc6c2b Downloading 77.59MB
 9c3be1d5f12c Downloading 48.23MB
 3fc3aba09dd3 Downloading 56.62MB
 3bee7ffc6c2b Downloading 77.59MB
 9c3be1d5f12c Downloading 49.28MB
 3fc3aba09dd3 Downloading 57.67MB
 9c3be1d5f12c Downloading 49.28MB
 3fc3aba09dd3 Downloading 57.67MB
 3bee7ffc6c2b Downloading 77.59MB
 3bee7ffc6c2b Downloading 78.64MB
 9c3be1d5f12c Downloading 49.28MB
 3fc3aba09dd3 Downloading 57.67MB
 9c3be1d5f12c Downloading 50.33MB
 3fc3aba09dd3 Downloading 57.67MB
 3bee7ffc6c2b Downloading 78.64MB
 3fc3aba09dd3 Downloading 57.67MB
 3bee7ffc6c2b Downloading 79.69MB
 9c3be1d5f12c Downloading 50.33MB
 3bee7ffc6c2b Downloading 79.69MB
 9c3be1d5f12c Downloading 50.33MB
 3fc3aba09dd3 Downloading 57.67MB
 3fc3aba09dd3 Downloading 57.67MB
 3bee7ffc6c2b Downloading 80.74MB
 9c3be1d5f12c Downloading 51.38MB
 9c3be1d5f12c Downloading 51.38MB
 3fc3aba09dd3 Downloading 58.72MB
 3bee7ffc6c2b Downloading 80.74MB
 9c3be1d5f12c Downloading 52.43MB
 3fc3aba09dd3 Downloading 58.72MB
 3bee7ffc6c2b Downloading 81.79MB
 3bee7ffc6c2b Downloading 81.79MB
 9c3be1d5f12c Downloading 52.43MB
 3fc3aba09dd3 Downloading 58.72MB
 9c3be1d5f12c Downloading 53.48MB
 3fc3aba09dd3 Downloading 58.72MB
 3bee7ffc6c2b Downloading 82.84MB
 3bee7ffc6c2b Downloading 82.84MB
 9c3be1d5f12c Downloading 53.48MB
 3fc3aba09dd3 Downloading 58.72MB
 9c3be1d5f12c Downloading 53.48MB
 3fc3aba09dd3 Downloading 58.72MB
 3bee7ffc6c2b Downloading 83.89MB
 3bee7ffc6c2b Downloading 83.89MB
 9c3be1d5f12c Downloading 53.48MB
 3fc3aba09dd3 Downloading 58.72MB
 3fc3aba09dd3 Downloading 58.72MB
 3bee7ffc6c2b Downloading 84.93MB
 9c3be1d5f12c Downloading 53.48MB
 3fc3aba09dd3 Downloading 59.77MB
 3bee7ffc6c2b Downloading 84.93MB
 9c3be1d5f12c Downloading 53.48MB
 3fc3aba09dd3 Downloading 59.77MB
 3bee7ffc6c2b Downloading 85.98MB
 9c3be1d5f12c Downloading 53.48MB
 3bee7ffc6c2b Downloading 87.03MB
 9c3be1d5f12c Downloading 54.53MB
 3fc3aba09dd3 Downloading 59.77MB
 9c3be1d5f12c Downloading 54.53MB
 3fc3aba09dd3 Downloading 59.77MB
 3bee7ffc6c2b Downloading 87.03MB
 3bee7ffc6c2b Downloading 87.03MB
 9c3be1d5f12c Downloading 54.53MB
 3fc3aba09dd3 Downloading 59.77MB
 9c3be1d5f12c Downloading 54.53MB
 3fc3aba09dd3 Downloading 59.77MB
 3bee7ffc6c2b Downloading 88.08MB
 3bee7ffc6c2b Downloading 88.08MB
 9c3be1d5f12c Downloading 54.53MB
 3fc3aba09dd3 Downloading 59.77MB
 9c3be1d5f12c Downloading 54.53MB
 3fc3aba09dd3 Downloading 59.77MB
 3bee7ffc6c2b Downloading 88.08MB
 9c3be1d5f12c Downloading 54.53MB
 3fc3aba09dd3 Downloading 60.82MB
 3bee7ffc6c2b Downloading 89.13MB
 3bee7ffc6c2b Downloading 89.13MB
 9c3be1d5f12c Downloading 55.57MB
 3fc3aba09dd3 Downloading 60.82MB
 3bee7ffc6c2b Downloading 90.18MB
 9c3be1d5f12c Downloading 55.57MB
 3fc3aba09dd3 Downloading 60.82MB
 3bee7ffc6c2b Downloading 90.18MB
 9c3be1d5f12c Downloading 55.57MB
 3fc3aba09dd3 Downloading 60.82MB
 9c3be1d5f12c Downloading 55.57MB
 3fc3aba09dd3 Downloading 60.82MB
 3bee7ffc6c2b Downloading 91.23MB
 9c3be1d5f12c Downloading 55.57MB
 3fc3aba09dd3 Downloading 60.82MB
 3bee7ffc6c2b Downloading 91.23MB
 3bee7ffc6c2b Downloading 92.27MB
 9c3be1d5f12c Downloading 55.57MB
 3fc3aba09dd3 Downloading 60.82MB
 9c3be1d5f12c Downloading 55.57MB
 3fc3aba09dd3 Downloading 60.82MB
 3bee7ffc6c2b Downloading 92.27MB
 3fc3aba09dd3 Downloading 60.82MB
 3bee7ffc6c2b Downloading 92.27MB
 9c3be1d5f12c Downloading 55.57MB
 3bee7ffc6c2b Downloading 92.27MB
 9c3be1d5f12c Downloading 55.57MB
 3fc3aba09dd3 Downloading 60.82MB
 9c3be1d5f12c Downloading 55.57MB
 3fc3aba09dd3 Downloading 61.87MB
 3bee7ffc6c2b Downloading 92.27MB
 3fc3aba09dd3 Downloading 61.87MB
 3bee7ffc6c2b Downloading 93.32MB
 9c3be1d5f12c Downloading 55.57MB
 9c3be1d5f12c Downloading 56.62MB
 3fc3aba09dd3 Downloading 61.87MB
 3bee7ffc6c2b Downloading 93.32MB
 3fc3aba09dd3 Downloading 61.87MB
 3bee7ffc6c2b Downloading 93.63MB
 9c3be1d5f12c Downloading 56.62MB
 9c3be1d5f12c Downloading 56.62MB
 3fc3aba09dd3 Downloading 61.87MB
 3bee7ffc6c2b Downloading 94.37MB
 3bee7ffc6c2b Downloading 94.37MB
 9c3be1d5f12c Downloading 56.62MB
 3fc3aba09dd3 Downloading 61.87MB
 9c3be1d5f12c Downloading 56.62MB
 3fc3aba09dd3 Downloading 61.87MB
 3bee7ffc6c2b Downloading 95.42MB
 3fc3aba09dd3 Downloading 61.87MB
 3bee7ffc6c2b Downloading 95.42MB
 9c3be1d5f12c Downloading 56.62MB
 9c3be1d5f12c Downloading 56.62MB
 3fc3aba09dd3 Downloading 61.87MB
 3bee7ffc6c2b Downloading 95.42MB
 9c3be1d5f12c Downloading 56.62MB
 3fc3aba09dd3 Downloading 61.87MB
 3bee7ffc6c2b Downloading 96.47MB
 3bee7ffc6c2b Downloading 96.47MB
 9c3be1d5f12c Downloading 57.67MB
 3fc3aba09dd3 Downloading 61.87MB
 3bee7ffc6c2b Downloading 96.47MB
 9c3be1d5f12c Downloading 57.67MB
 3fc3aba09dd3 Downloading 62.91MB
 9c3be1d5f12c Downloading 57.67MB
 3fc3aba09dd3 Downloading 62.91MB
 3bee7ffc6c2b Downloading 97.52MB
 9c3be1d5f12c Downloading 57.67MB
 3fc3aba09dd3 Downloading 62.91MB
 3bee7ffc6c2b Downloading 97.52MB
 3bee7ffc6c2b Downloading 97.52MB
 9c3be1d5f12c Downloading 57.67MB
 3fc3aba09dd3 Downloading 62.91MB
 3bee7ffc6c2b Downloading 97.52MB
 9c3be1d5f12c Downloading 57.67MB
 3fc3aba09dd3 Downloading 62.91MB
 9c3be1d5f12c Downloading 57.67MB
 3fc3aba09dd3 Downloading 62.91MB
 3bee7ffc6c2b Downloading 97.52MB
 3bee7ffc6c2b Downloading 97.52MB
 9c3be1d5f12c Downloading 58.72MB
 3fc3aba09dd3 Downloading 62.91MB
 3bee7ffc6c2b Downloading 98.57MB
 9c3be1d5f12c Downloading 58.72MB
 3fc3aba09dd3 Downloading 62.91MB
 3bee7ffc6c2b Downloading 98.57MB
 9c3be1d5f12c Downloading 58.72MB
 3fc3aba09dd3 Downloading 62.91MB
 9c3be1d5f12c Downloading 58.72MB
 3fc3aba09dd3 Downloading 62.91MB
 3bee7ffc6c2b Downloading 98.57MB
 3bee7ffc6c2b Downloading 98.57MB
 9c3be1d5f12c Downloading 58.72MB
 3fc3aba09dd3 Downloading 62.91MB
 3bee7ffc6c2b Downloading 98.57MB
 9c3be1d5f12c Downloading 59.77MB
 3fc3aba09dd3 Downloading 62.91MB
 3bee7ffc6c2b Downloading 98.57MB
 9c3be1d5f12c Downloading 59.77MB
 3fc3aba09dd3 Downloading 62.91MB
 3bee7ffc6c2b Downloading 98.57MB
 9c3be1d5f12c Downloading 59.77MB
 3fc3aba09dd3 Downloading 63.96MB
 9c3be1d5f12c Downloading 59.77MB
 3fc3aba09dd3 Downloading 63.96MB
 3bee7ffc6c2b Downloading 99.61MB
 9c3be1d5f12c Downloading 59.77MB
 3fc3aba09dd3 Downloading 63.96MB
 3bee7ffc6c2b Downloading 99.61MB
 3bee7ffc6c2b Downloading 99.61MB
 9c3be1d5f12c Downloading 59.77MB
 3fc3aba09dd3 Downloading 63.96MB
 3bee7ffc6c2b Downloading 99.61MB
 9c3be1d5f12c Downloading 60.82MB
 3fc3aba09dd3 Downloading 63.96MB
 9c3be1d5f12c Downloading 60.82MB
 3fc3aba09dd3 Downloading 63.96MB
 3bee7ffc6c2b Downloading 99.61MB
 9c3be1d5f12c Downloading 60.82MB
 3fc3aba09dd3 Downloading 63.96MB
 3bee7ffc6c2b Downloading 100.7MB
 9c3be1d5f12c Downloading 60.82MB
 3fc3aba09dd3 Downloading 63.96MB
 3bee7ffc6c2b Downloading 100.7MB
 9c3be1d5f12c Downloading 60.82MB
 3fc3aba09dd3 Downloading 63.96MB
 3bee7ffc6c2b Downloading 100.7MB
 9c3be1d5f12c Downloading 61.43MB
 3fc3aba09dd3 Downloading 65.01MB
 3bee7ffc6c2b Downloading 100.7MB
 3bee7ffc6c2b Downloading 101.7MB
 9c3be1d5f12c Downloading 61.87MB
 3fc3aba09dd3 Downloading 65.01MB
 3bee7ffc6c2b Downloading 101.7MB
 9c3be1d5f12c Downloading 61.87MB
 3fc3aba09dd3 Downloading 65.01MB
 9c3be1d5f12c Downloading 61.87MB
 3fc3aba09dd3 Downloading 65.01MB
 3bee7ffc6c2b Downloading 101.7MB
 3fc3aba09dd3 Downloading 65.01MB
 3bee7ffc6c2b Downloading 101.7MB
 9c3be1d5f12c Downloading 61.87MB
 9c3be1d5f12c Downloading 61.87MB
 3fc3aba09dd3 Downloading 65.01MB
 3bee7ffc6c2b Downloading 102.8MB
 9c3be1d5f12c Downloading 61.87MB
 3fc3aba09dd3 Downloading 65.01MB
 3bee7ffc6c2b Downloading 102.8MB
 3bee7ffc6c2b Downloading 102.8MB
 9c3be1d5f12c Downloading 62.91MB
 3fc3aba09dd3 Downloading 65.01MB
 3fc3aba09dd3 Downloading 65.01MB
 3bee7ffc6c2b Downloading 103.8MB
 9c3be1d5f12c Downloading 62.91MB
 3bee7ffc6c2b Downloading 103.8MB
 9c3be1d5f12c Downloading 62.91MB
 3fc3aba09dd3 Downloading 66.06MB
 9c3be1d5f12c Downloading 62.91MB
 3fc3aba09dd3 Downloading 66.06MB
 3bee7ffc6c2b Downloading 103.8MB
 3bee7ffc6c2b Downloading 104.9MB
 9c3be1d5f12c Downloading 62.91MB
 3fc3aba09dd3 Downloading 66.06MB
 3bee7ffc6c2b Downloading 104.9MB
 9c3be1d5f12c Downloading 62.91MB
 3fc3aba09dd3 Downloading 66.06MB
 9c3be1d5f12c Downloading 63.96MB
 3fc3aba09dd3 Downloading 66.06MB
 3bee7ffc6c2b Downloading 104.9MB
 3bee7ffc6c2b Downloading 104.9MB
 9c3be1d5f12c Downloading 63.96MB
 3fc3aba09dd3 Downloading 66.06MB
 3fc3aba09dd3 Downloading 66.06MB
 3bee7ffc6c2b Downloading 105.9MB
 9c3be1d5f12c Downloading 63.96MB
 3bee7ffc6c2b Downloading 105.9MB
 9c3be1d5f12c Downloading 63.96MB
 3fc3aba09dd3 Downloading 66.06MB
 3bee7ffc6c2b Downloading 105.9MB
 9c3be1d5f12c Downloading 63.96MB
 3fc3aba09dd3 Downloading 66.06MB
 3bee7ffc6c2b Downloading 107MB
 9c3be1d5f12c Downloading 63.96MB
 3fc3aba09dd3 Downloading 66.06MB
 9c3be1d5f12c Downloading 63.96MB
 3fc3aba09dd3 Downloading 66.06MB
 3bee7ffc6c2b Downloading 107MB
 9c3be1d5f12c Downloading 65.01MB
 3fc3aba09dd3 Downloading 67.11MB
 3bee7ffc6c2b Downloading 107MB
 3bee7ffc6c2b Downloading 107MB
 9c3be1d5f12c Downloading 65.01MB
 3fc3aba09dd3 Downloading 67.11MB
 3bee7ffc6c2b Downloading 108MB
 9c3be1d5f12c Downloading 65.01MB
 3fc3aba09dd3 Downloading 67.11MB
 3bee7ffc6c2b Downloading 108MB
 9c3be1d5f12c Downloading 65.01MB
 3fc3aba09dd3 Downloading 67.11MB
 3bee7ffc6c2b Downloading 108MB
 9c3be1d5f12c Downloading 65.01MB
 3fc3aba09dd3 Downloading 67.11MB
 3fc3aba09dd3 Downloading 67.11MB
 3bee7ffc6c2b Downloading 109.1MB
 9c3be1d5f12c Downloading 66.06MB
 3bee7ffc6c2b Downloading 109.1MB
 9c3be1d5f12c Downloading 66.06MB
 3fc3aba09dd3 Downloading 67.11MB
 9c3be1d5f12c Downloading 66.06MB
 3fc3aba09dd3 Downloading 67.11MB
 3bee7ffc6c2b Downloading 109.1MB
 3fc3aba09dd3 Downloading 68.16MB
 3bee7ffc6c2b Downloading 109.1MB
 9c3be1d5f12c Downloading 66.06MB
 3fc3aba09dd3 Downloading 68.16MB
 3bee7ffc6c2b Downloading 110.1MB
 9c3be1d5f12c Downloading 66.06MB
 3bee7ffc6c2b Downloading 110.1MB
 9c3be1d5f12c Downloading 67.11MB
 3fc3aba09dd3 Downloading 68.16MB
 3bee7ffc6c2b Downloading 110.1MB
 9c3be1d5f12c Downloading 67.11MB
 3fc3aba09dd3 Downloading 68.16MB
 9c3be1d5f12c Downloading 67.11MB
 3fc3aba09dd3 Downloading 68.16MB
 3bee7ffc6c2b Downloading 110.1MB
 3bee7ffc6c2b Downloading 111.1MB
 9c3be1d5f12c Downloading 67.11MB
 3fc3aba09dd3 Downloading 68.16MB
 9c3be1d5f12c Downloading 67.11MB
 3fc3aba09dd3 Downloading 68.16MB
 3bee7ffc6c2b Downloading 111.1MB
 3bee7ffc6c2b Downloading 111.1MB
 9c3be1d5f12c Downloading 68.16MB
 3fc3aba09dd3 Downloading 68.16MB
 3bee7ffc6c2b Downloading 112.2MB
 9c3be1d5f12c Downloading 68.16MB
 3fc3aba09dd3 Downloading 69.21MB
 3bee7ffc6c2b Downloading 112.2MB
 9c3be1d5f12c Downloading 68.16MB
 3fc3aba09dd3 Downloading 69.21MB
 9c3be1d5f12c Downloading 68.16MB
 3fc3aba09dd3 Downloading 69.21MB
 3bee7ffc6c2b Downloading 112.2MB
 3fc3aba09dd3 Downloading 69.21MB
 3bee7ffc6c2b Downloading 112.2MB
 9c3be1d5f12c Downloading 68.16MB
 3fc3aba09dd3 Downloading 69.21MB
 3bee7ffc6c2b Downloading 113.2MB
 9c3be1d5f12c Downloading 68.16MB
 3bee7ffc6c2b Downloading 113.2MB
 9c3be1d5f12c Downloading 69.21MB
 3fc3aba09dd3 Downloading 69.21MB
 3fc3aba09dd3 Downloading 69.21MB
 3bee7ffc6c2b Downloading 113.2MB
 9c3be1d5f12c Downloading 69.21MB
 9c3be1d5f12c Downloading 69.21MB
 3fc3aba09dd3 Downloading 69.21MB
 3bee7ffc6c2b Downloading 114.3MB
 9c3be1d5f12c Downloading 69.21MB
 3fc3aba09dd3 Downloading 69.21MB
 3bee7ffc6c2b Downloading 114.3MB
 3bee7ffc6c2b Downloading 114.3MB
 9c3be1d5f12c Downloading 69.21MB
 3fc3aba09dd3 Downloading 70.25MB
 3bee7ffc6c2b Downloading 114.3MB
 9c3be1d5f12c Downloading 69.21MB
 3fc3aba09dd3 Downloading 70.25MB
 9c3be1d5f12c Downloading 69.21MB
 3fc3aba09dd3 Downloading 70.25MB
 3bee7ffc6c2b Downloading 115.3MB
 3fc3aba09dd3 Downloading 70.25MB
 3bee7ffc6c2b Downloading 115.3MB
 9c3be1d5f12c Downloading 70.25MB
 3bee7ffc6c2b Downloading 115.3MB
 9c3be1d5f12c Downloading 70.25MB
 3fc3aba09dd3 Downloading 70.25MB
 9c3be1d5f12c Downloading 70.25MB
 3fc3aba09dd3 Downloading 70.25MB
 3bee7ffc6c2b Downloading 116.4MB
 3fc3aba09dd3 Downloading 70.25MB
 3bee7ffc6c2b Downloading 116.4MB
 9c3be1d5f12c Downloading 70.25MB
 9c3be1d5f12c Downloading 70.25MB
 3fc3aba09dd3 Downloading 70.25MB
 3bee7ffc6c2b Downloading 116.4MB
 9c3be1d5f12c Downloading 70.25MB
 3fc3aba09dd3 Downloading 71.3MB
 3bee7ffc6c2b Downloading 117.4MB
 3bee7ffc6c2b Downloading 117.4MB
 9c3be1d5f12c Downloading 71.3MB
 3fc3aba09dd3 Downloading 71.3MB
 3bee7ffc6c2b Downloading 117.4MB
 9c3be1d5f12c Downloading 71.3MB
 3fc3aba09dd3 Downloading 71.3MB
 9c3be1d5f12c Downloading 71.3MB
 3fc3aba09dd3 Downloading 71.3MB
 3bee7ffc6c2b Downloading 118.5MB
 3bee7ffc6c2b Downloading 118.5MB
 9c3be1d5f12c Downloading 71.3MB
 3fc3aba09dd3 Downloading 71.3MB
 3bee7ffc6c2b Downloading 118.5MB
 9c3be1d5f12c Downloading 71.3MB
 3fc3aba09dd3 Downloading 71.3MB
 3bee7ffc6c2b Downloading 118.5MB
 9c3be1d5f12c Downloading 71.3MB
 3fc3aba09dd3 Downloading 71.3MB
 3bee7ffc6c2b Downloading 119.5MB
 9c3be1d5f12c Downloading 72.35MB
 3fc3aba09dd3 Downloading 71.3MB
 3bee7ffc6c2b Downloading 119.5MB
 9c3be1d5f12c Downloading 72.35MB
 3fc3aba09dd3 Downloading 71.3MB
 3bee7ffc6c2b Downloading 119.5MB
 9c3be1d5f12c Downloading 72.35MB
 3fc3aba09dd3 Downloading 72.35MB
 3bee7ffc6c2b Downloading 120.6MB
 9c3be1d5f12c Downloading 72.35MB
 3fc3aba09dd3 Downloading 72.35MB
 3bee7ffc6c2b Downloading 120.6MB
 9c3be1d5f12c Downloading 72.35MB
 3fc3aba09dd3 Downloading 72.35MB
 9c3be1d5f12c Downloading 72.35MB
 3fc3aba09dd3 Downloading 72.35MB
 3bee7ffc6c2b Downloading 120.6MB
 9c3be1d5f12c Downloading 72.35MB
 3fc3aba09dd3 Downloading 72.35MB
 3bee7ffc6c2b Downloading 121.6MB
 9c3be1d5f12c Downloading 72.35MB
 3fc3aba09dd3 Downloading 72.35MB
 3bee7ffc6c2b Downloading 121.6MB
 3bee7ffc6c2b Downloading 121.6MB
 9c3be1d5f12c Downloading 73.4MB
 3fc3aba09dd3 Downloading 72.35MB
 9c3be1d5f12c Downloading 73.4MB
 3fc3aba09dd3 Downloading 72.35MB
 3bee7ffc6c2b Downloading 122.7MB
 3fc3aba09dd3 Downloading 72.35MB
 3bee7ffc6c2b Downloading 122.7MB
 9c3be1d5f12c Downloading 73.4MB
 9c3be1d5f12c Downloading 73.4MB
 3fc3aba09dd3 Downloading 72.35MB
 3bee7ffc6c2b Downloading 122.7MB
 9c3be1d5f12c Downloading 73.4MB
 3fc3aba09dd3 Downloading 72.35MB
 3bee7ffc6c2b Downloading 123.7MB
 9c3be1d5f12c Downloading 73.4MB
 3fc3aba09dd3 Downloading 73.4MB
 3bee7ffc6c2b Downloading 123.7MB
 9c3be1d5f12c Downloading 73.4MB
 3fc3aba09dd3 Downloading 73.4MB
 3bee7ffc6c2b Downloading 123.7MB
 9c3be1d5f12c Downloading 73.4MB
 3fc3aba09dd3 Downloading 73.4MB
 3bee7ffc6c2b Downloading 124.8MB
 9c3be1d5f12c Downloading 73.4MB
 3fc3aba09dd3 Downloading 73.4MB
 3bee7ffc6c2b Downloading 124.8MB
 3bee7ffc6c2b Downloading 124.8MB
 9c3be1d5f12c Downloading 73.4MB
 3fc3aba09dd3 Downloading 73.4MB
 9c3be1d5f12c Downloading 73.4MB
 3fc3aba09dd3 Downloading 73.4MB
 3bee7ffc6c2b Downloading 125.8MB
 9c3be1d5f12c Downloading 73.4MB
 3fc3aba09dd3 Downloading 73.4MB
 3bee7ffc6c2b Downloading 125.8MB
 3bee7ffc6c2b Downloading 125.8MB
 9c3be1d5f12c Downloading 73.4MB
 3fc3aba09dd3 Downloading 73.4MB
 9c3be1d5f12c Downloading 73.4MB
 3fc3aba09dd3 Downloading 73.4MB
 3bee7ffc6c2b Downloading 126.9MB
 9c3be1d5f12c Downloading 74.45MB
 3fc3aba09dd3 Downloading 73.4MB
 3bee7ffc6c2b Downloading 126.9MB
 3bee7ffc6c2b Downloading 126.9MB
 9c3be1d5f12c Downloading 74.45MB
 3fc3aba09dd3 Downloading 73.4MB
 9c3be1d5f12c Downloading 74.45MB
 3fc3aba09dd3 Downloading 74.45MB
 3bee7ffc6c2b Downloading 127.9MB
 3bee7ffc6c2b Downloading 127.9MB
 9c3be1d5f12c Downloading 74.45MB
 3fc3aba09dd3 Downloading 74.45MB
 9c3be1d5f12c Downloading 74.45MB
 3fc3aba09dd3 Downloading 74.45MB
 3bee7ffc6c2b Downloading 129MB
 3bee7ffc6c2b Downloading 129MB
 9c3be1d5f12c Downloading 74.45MB
 3fc3aba09dd3 Downloading 74.45MB
 9c3be1d5f12c Downloading 74.45MB
 3fc3aba09dd3 Downloading 74.45MB
 3bee7ffc6c2b Downloading 129MB
 9c3be1d5f12c Downloading 74.45MB
 3fc3aba09dd3 Downloading 74.45MB
 3bee7ffc6c2b Downloading 130MB
 9c3be1d5f12c Downloading 74.45MB
 3fc3aba09dd3 Downloading 74.45MB
 3bee7ffc6c2b Downloading 130MB
 3bee7ffc6c2b Downloading 131.1MB
 9c3be1d5f12c Downloading 74.45MB
 3fc3aba09dd3 Downloading 74.45MB
 3bee7ffc6c2b Downloading 131.1MB
 9c3be1d5f12c Downloading 74.45MB
 3fc3aba09dd3 Downloading 75.5MB
 9c3be1d5f12c Downloading 74.45MB
 3fc3aba09dd3 Downloading 75.5MB
 3bee7ffc6c2b Downloading 131.1MB
 3bee7ffc6c2b Downloading 132.1MB
 9c3be1d5f12c Downloading 74.45MB
 3fc3aba09dd3 Downloading 75.5MB
 3bee7ffc6c2b Downloading 132.1MB
 9c3be1d5f12c Downloading 74.45MB
 3fc3aba09dd3 Downloading 75.5MB
 9c3be1d5f12c Downloading 74.45MB
 3fc3aba09dd3 Downloading 75.5MB
 3bee7ffc6c2b Downloading 133.2MB
 3bee7ffc6c2b Downloading 133.2MB
 9c3be1d5f12c Downloading 74.45MB
 3fc3aba09dd3 Downloading 75.5MB
 3fc3aba09dd3 Downloading 75.5MB
 3bee7ffc6c2b Downloading 133.2MB
 9c3be1d5f12c Downloading 74.45MB
 3fc3aba09dd3 Downloading 75.5MB
 3bee7ffc6c2b Downloading 134.2MB
 9c3be1d5f12c Downloading 75.5MB
 3bee7ffc6c2b Downloading 134.2MB
 9c3be1d5f12c Downloading 75.5MB
 3fc3aba09dd3 Downloading 76.55MB
 9c3be1d5f12c Downloading 75.5MB
 3fc3aba09dd3 Downloading 76.55MB
 3bee7ffc6c2b Downloading 135.3MB
 9c3be1d5f12c Downloading 75.5MB
 3fc3aba09dd3 Downloading 76.55MB
 3bee7ffc6c2b Downloading 135.3MB
 9c3be1d5f12c Downloading 75.5MB
 3fc3aba09dd3 Downloading 76.55MB
 3bee7ffc6c2b Downloading 136.3MB
 3bee7ffc6c2b Downloading 136.3MB
 9c3be1d5f12c Downloading 75.5MB
 3fc3aba09dd3 Downloading 76.55MB
 9c3be1d5f12c Downloading 75.5MB
 3fc3aba09dd3 Downloading 76.55MB
 3bee7ffc6c2b Downloading 136.3MB
 3bee7ffc6c2b Downloading 137.4MB
 9c3be1d5f12c Downloading 75.5MB
 3fc3aba09dd3 Downloading 77.59MB
 3bee7ffc6c2b Downloading 137.4MB
 9c3be1d5f12c Downloading 75.5MB
 3fc3aba09dd3 Downloading 77.59MB
 3bee7ffc6c2b Downloading 138.4MB
 9c3be1d5f12c Downloading 75.5MB
 3fc3aba09dd3 Downloading 77.59MB
 3bee7ffc6c2b Downloading 138.4MB
 9c3be1d5f12c Downloading 75.5MB
 3fc3aba09dd3 Downloading 77.59MB
 9c3be1d5f12c Downloading 76.55MB
 3fc3aba09dd3 Downloading 77.59MB
 3bee7ffc6c2b Downloading 139.5MB
 9c3be1d5f12c Downloading 76.55MB
 3fc3aba09dd3 Downloading 77.59MB
 3bee7ffc6c2b Downloading 139.5MB
 3bee7ffc6c2b Downloading 140.5MB
 9c3be1d5f12c Downloading 76.55MB
 3fc3aba09dd3 Downloading 78.64MB
 9c3be1d5f12c Downloading 76.55MB
 3fc3aba09dd3 Downloading 78.64MB
 3bee7ffc6c2b Downloading 140.5MB
 9c3be1d5f12c Downloading 76.55MB
 3fc3aba09dd3 Downloading 78.64MB
 3bee7ffc6c2b Downloading 140.5MB
 3fc3aba09dd3 Downloading 78.64MB
 3bee7ffc6c2b Downloading 141.6MB
 9c3be1d5f12c Downloading 76.55MB
 9c3be1d5f12c Downloading 76.55MB
 3fc3aba09dd3 Downloading 78.64MB
 3bee7ffc6c2b Downloading 141.6MB
 9c3be1d5f12c Downloading 76.55MB
 3fc3aba09dd3 Downloading 78.64MB
 3bee7ffc6c2b Downloading 142.9MB
 9c3be1d5f12c Downloading 76.55MB
 3fc3aba09dd3 Downloading 78.64MB
 3bee7ffc6c2b Download complete 0B
 3fc3aba09dd3 Downloading 79.69MB
 9c3be1d5f12c Downloading 77.59MB
 3fc3aba09dd3 Downloading 79.69MB
 aa79769d9857 Download complete 0B
 9c3be1d5f12c Downloading 77.59MB
 9c3be1d5f12c Downloading 77.59MB
 3fc3aba09dd3 Downloading 79.69MB
 9c3be1d5f12c Downloading 77.59MB
 3fc3aba09dd3 Downloading 79.69MB
 9c3be1d5f12c Downloading 77.59MB
 3fc3aba09dd3 Downloading 79.69MB
 9c3be1d5f12c Downloading 77.59MB
 3fc3aba09dd3 Downloading 80.74MB
 9c3be1d5f12c Downloading 77.59MB
 3fc3aba09dd3 Downloading 80.74MB
 9c3be1d5f12c Downloading 77.59MB
 3fc3aba09dd3 Downloading 80.74MB
 9c3be1d5f12c Downloading 77.59MB
 3fc3aba09dd3 Downloading 80.74MB
 9c3be1d5f12c Downloading 77.59MB
 3fc3aba09dd3 Downloading 80.74MB
 9c3be1d5f12c Downloading 77.59MB
 3fc3aba09dd3 Downloading 80.74MB
 9c3be1d5f12c Downloading 77.59MB
 3fc3aba09dd3 Downloading 81.79MB
 9c3be1d5f12c Downloading 78.64MB
 3fc3aba09dd3 Downloading 81.79MB
 9c3be1d5f12c Downloading 78.64MB
 3fc3aba09dd3 Downloading 81.79MB
 9c3be1d5f12c Downloading 78.64MB
 3fc3aba09dd3 Downloading 81.79MB
 9c3be1d5f12c Downloading 78.64MB
 3fc3aba09dd3 Downloading 81.79MB
 9c3be1d5f12c Downloading 78.64MB
 3fc3aba09dd3 Downloading 81.79MB
 3fc3aba09dd3 Downloading 81.79MB
 9c3be1d5f12c Downloading 78.64MB
 9c3be1d5f12c Downloading 78.64MB
 3fc3aba09dd3 Downloading 81.79MB
 9c3be1d5f12c Downloading 78.64MB
 3fc3aba09dd3 Downloading 81.79MB
 9c3be1d5f12c Downloading 78.64MB
 3fc3aba09dd3 Downloading 81.79MB
 9c3be1d5f12c Downloading 79.69MB
 3fc3aba09dd3 Downloading 82.84MB
 9c3be1d5f12c Downloading 79.69MB
 3fc3aba09dd3 Downloading 82.84MB
 3fc3aba09dd3 Downloading 82.84MB
 9c3be1d5f12c Downloading 79.69MB
 3fc3aba09dd3 Downloading 82.84MB
 9c3be1d5f12c Downloading 79.69MB
 9c3be1d5f12c Downloading 79.69MB
 3fc3aba09dd3 Downloading 82.84MB
 9c3be1d5f12c Downloading 79.69MB
 3fc3aba09dd3 Downloading 82.84MB
 9c3be1d5f12c Downloading 79.69MB
 3fc3aba09dd3 Downloading 82.84MB
 9c3be1d5f12c Downloading 79.69MB
 3fc3aba09dd3 Downloading 82.84MB
 9c3be1d5f12c Downloading 79.69MB
 3fc3aba09dd3 Downloading 82.84MB
 3fc3aba09dd3 Downloading 82.84MB
 9c3be1d5f12c Downloading 80.74MB
 9c3be1d5f12c Downloading 80.74MB
 3fc3aba09dd3 Downloading 82.84MB
 9c3be1d5f12c Downloading 80.74MB
 3fc3aba09dd3 Downloading 82.84MB
 9c3be1d5f12c Downloading 80.74MB
 3fc3aba09dd3 Downloading 82.84MB
 9c3be1d5f12c Downloading 80.74MB
 3fc3aba09dd3 Downloading 82.84MB
 9c3be1d5f12c Downloading 80.74MB
 3fc3aba09dd3 Downloading 83.89MB
 3fc3aba09dd3 Downloading 83.89MB
 9c3be1d5f12c Downloading 80.74MB
 9c3be1d5f12c Downloading 80.74MB
 3fc3aba09dd3 Downloading 83.89MB
 9c3be1d5f12c Downloading 80.74MB
 3fc3aba09dd3 Downloading 83.89MB
 9c3be1d5f12c Downloading 80.74MB
 3fc3aba09dd3 Downloading 83.89MB
 9c3be1d5f12c Downloading 81.79MB
 3fc3aba09dd3 Downloading 83.89MB
 9c3be1d5f12c Downloading 81.79MB
 3fc3aba09dd3 Downloading 83.89MB
 9c3be1d5f12c Downloading 81.79MB
 3fc3aba09dd3 Downloading 83.89MB
 9c3be1d5f12c Downloading 81.79MB
 3fc3aba09dd3 Downloading 83.89MB
 9c3be1d5f12c Downloading 81.79MB
 3fc3aba09dd3 Downloading 83.89MB
 9c3be1d5f12c Downloading 81.79MB
 3fc3aba09dd3 Downloading 84.93MB
 9c3be1d5f12c Downloading 81.79MB
 3fc3aba09dd3 Downloading 84.93MB
 9c3be1d5f12c Downloading 81.79MB
 3fc3aba09dd3 Downloading 84.93MB
 9c3be1d5f12c Downloading 81.79MB
 3fc3aba09dd3 Downloading 84.93MB
 3fc3aba09dd3 Downloading 84.93MB
 9c3be1d5f12c Downloading 81.79MB
 9c3be1d5f12c Downloading 81.79MB
 3fc3aba09dd3 Downloading 84.93MB
 9c3be1d5f12c Downloading 82.84MB
 3fc3aba09dd3 Downloading 84.93MB
 9c3be1d5f12c Downloading 82.84MB
 3fc3aba09dd3 Downloading 84.93MB
 9c3be1d5f12c Downloading 82.84MB
 3fc3aba09dd3 Downloading 84.93MB
 9c3be1d5f12c Downloading 82.84MB
 3fc3aba09dd3 Downloading 85.98MB
 9c3be1d5f12c Downloading 82.84MB
 3fc3aba09dd3 Downloading 85.98MB
 9c3be1d5f12c Downloading 82.84MB
 3fc3aba09dd3 Downloading 85.98MB
 3fc3aba09dd3 Downloading 85.98MB
 9c3be1d5f12c Downloading 82.84MB
 9c3be1d5f12c Downloading 82.84MB
 3fc3aba09dd3 Downloading 85.98MB
 9c3be1d5f12c Downloading 83.89MB
 3fc3aba09dd3 Downloading 85.98MB
 9c3be1d5f12c Downloading 83.89MB
 3fc3aba09dd3 Downloading 85.98MB
 9c3be1d5f12c Downloading 83.89MB
 3fc3aba09dd3 Downloading 85.98MB
 9c3be1d5f12c Downloading 83.89MB
 3fc3aba09dd3 Downloading 87.03MB
 9c3be1d5f12c Downloading 83.89MB
 3fc3aba09dd3 Downloading 87.03MB
 9c3be1d5f12c Downloading 83.89MB
 3fc3aba09dd3 Downloading 87.03MB
 9c3be1d5f12c Downloading 83.89MB
 3fc3aba09dd3 Downloading 87.03MB
 9c3be1d5f12c Downloading 83.89MB
 3fc3aba09dd3 Downloading 87.03MB
 9c3be1d5f12c Downloading 83.89MB
 3fc3aba09dd3 Downloading 87.03MB
 9c3be1d5f12c Downloading 83.89MB
 3fc3aba09dd3 Downloading 88.08MB
 9c3be1d5f12c Downloading 84.93MB
 3fc3aba09dd3 Downloading 88.08MB
 9c3be1d5f12c Downloading 84.93MB
 3fc3aba09dd3 Downloading 88.08MB
 9c3be1d5f12c Downloading 84.93MB
 3fc3aba09dd3 Downloading 88.08MB
 9c3be1d5f12c Downloading 84.93MB
 3fc3aba09dd3 Downloading 88.08MB
 9c3be1d5f12c Downloading 84.93MB
 3fc3aba09dd3 Downloading 88.08MB
 9c3be1d5f12c Downloading 84.93MB
 3fc3aba09dd3 Downloading 89.13MB
 9c3be1d5f12c Downloading 84.93MB
 3fc3aba09dd3 Downloading 89.13MB
 9c3be1d5f12c Downloading 84.93MB
 3fc3aba09dd3 Downloading 89.13MB
 9c3be1d5f12c Downloading 84.93MB
 3fc3aba09dd3 Downloading 89.13MB
 9c3be1d5f12c Downloading 84.93MB
 3fc3aba09dd3 Downloading 89.13MB
 9c3be1d5f12c Downloading 84.93MB
 3fc3aba09dd3 Downloading 89.13MB
 9c3be1d5f12c Downloading 84.93MB
 3fc3aba09dd3 Downloading 90.18MB
 9c3be1d5f12c Downloading 85.98MB
 3fc3aba09dd3 Downloading 90.18MB
 9c3be1d5f12c Downloading 85.98MB
 3fc3aba09dd3 Downloading 90.18MB
 9c3be1d5f12c Downloading 85.98MB
 3fc3aba09dd3 Downloading 90.18MB
 9c3be1d5f12c Downloading 85.98MB
 3fc3aba09dd3 Downloading 90.18MB
 9c3be1d5f12c Downloading 85.98MB
 3fc3aba09dd3 Downloading 91.23MB
 3fc3aba09dd3 Downloading 91.23MB
 9c3be1d5f12c Downloading 85.98MB
 9c3be1d5f12c Downloading 85.98MB
 3fc3aba09dd3 Downloading 91.23MB
 9c3be1d5f12c Downloading 85.98MB
 3fc3aba09dd3 Downloading 91.23MB
 9c3be1d5f12c Downloading 85.98MB
 3fc3aba09dd3 Downloading 91.23MB
 9c3be1d5f12c Downloading 85.98MB
 3fc3aba09dd3 Downloading 92.27MB
 9c3be1d5f12c Downloading 85.98MB
 3fc3aba09dd3 Downloading 92.27MB
 9c3be1d5f12c Downloading 85.98MB
 3fc3aba09dd3 Downloading 92.27MB
 9c3be1d5f12c Downloading 85.98MB
 3fc3aba09dd3 Downloading 92.27MB
 9c3be1d5f12c Downloading 85.98MB
 3fc3aba09dd3 Downloading 93.32MB
 9c3be1d5f12c Downloading 85.98MB
 3fc3aba09dd3 Downloading 93.32MB
 9c3be1d5f12c Downloading 85.98MB
 3fc3aba09dd3 Downloading 93.32MB
 9c3be1d5f12c Downloading 85.98MB
 3fc3aba09dd3 Downloading 93.32MB
 9c3be1d5f12c Downloading 87.03MB
 3fc3aba09dd3 Downloading 93.32MB
 9c3be1d5f12c Downloading 87.03MB
 3fc3aba09dd3 Downloading 94.37MB
 9c3be1d5f12c Downloading 87.03MB
 3fc3aba09dd3 Downloading 94.37MB
 9c3be1d5f12c Downloading 87.03MB
 3fc3aba09dd3 Downloading 94.37MB
 9c3be1d5f12c Downloading 87.03MB
 3fc3aba09dd3 Downloading 94.37MB
 9c3be1d5f12c Downloading 87.03MB
 3fc3aba09dd3 Downloading 94.37MB
 9c3be1d5f12c Downloading 87.03MB
 3fc3aba09dd3 Downloading 95.42MB
 9c3be1d5f12c Downloading 87.03MB
 3fc3aba09dd3 Downloading 95.42MB
 9c3be1d5f12c Downloading 87.03MB
 3fc3aba09dd3 Downloading 95.42MB
 9c3be1d5f12c Downloading 88.08MB
 3fc3aba09dd3 Downloading 95.42MB
 9c3be1d5f12c Downloading 88.08MB
 3fc3aba09dd3 Downloading 95.42MB
 3fc3aba09dd3 Downloading 95.42MB
 9c3be1d5f12c Downloading 88.08MB
 9c3be1d5f12c Downloading 88.08MB
 3fc3aba09dd3 Downloading 95.42MB
 9c3be1d5f12c Downloading 88.08MB
 3fc3aba09dd3 Downloading 96.47MB
 3fc3aba09dd3 Downloading 96.47MB
 9c3be1d5f12c Downloading 88.08MB
 9c3be1d5f12c Downloading 88.08MB
 3fc3aba09dd3 Downloading 96.47MB
 9c3be1d5f12c Downloading 88.08MB
 3fc3aba09dd3 Downloading 96.47MB
 3fc3aba09dd3 Downloading 96.47MB
 9c3be1d5f12c Downloading 88.08MB
 9c3be1d5f12c Downloading 89.13MB
 3fc3aba09dd3 Downloading 96.47MB
 9c3be1d5f12c Downloading 89.13MB
 3fc3aba09dd3 Downloading 96.47MB
 9c3be1d5f12c Downloading 89.13MB
 3fc3aba09dd3 Downloading 97.52MB
 9c3be1d5f12c Downloading 89.13MB
 3fc3aba09dd3 Downloading 97.52MB
 9c3be1d5f12c Downloading 89.13MB
 3fc3aba09dd3 Downloading 97.52MB
 9c3be1d5f12c Downloading 89.13MB
 3fc3aba09dd3 Downloading 97.52MB
 9c3be1d5f12c Downloading 89.13MB
 3fc3aba09dd3 Downloading 97.52MB
 9c3be1d5f12c Downloading 89.13MB
 3fc3aba09dd3 Downloading 97.52MB
 9c3be1d5f12c Downloading 90.18MB
 3fc3aba09dd3 Downloading 97.52MB
 9c3be1d5f12c Downloading 90.18MB
 3fc3aba09dd3 Downloading 97.52MB
 9c3be1d5f12c Downloading 90.18MB
 3fc3aba09dd3 Downloading 98.57MB
 9c3be1d5f12c Downloading 90.18MB
 3fc3aba09dd3 Downloading 98.57MB
 9c3be1d5f12c Downloading 90.18MB
 3fc3aba09dd3 Downloading 98.57MB
 9c3be1d5f12c Downloading 90.18MB
 3fc3aba09dd3 Downloading 98.57MB
 9c3be1d5f12c Downloading 91.23MB
 3fc3aba09dd3 Downloading 98.57MB
 9c3be1d5f12c Downloading 91.23MB
 3fc3aba09dd3 Downloading 98.57MB
 9c3be1d5f12c Downloading 91.23MB
 3fc3aba09dd3 Downloading 98.57MB
 3fc3aba09dd3 Downloading 98.57MB
 9c3be1d5f12c Downloading 91.23MB
 9c3be1d5f12c Downloading 91.23MB
 3fc3aba09dd3 Downloading 99.61MB
 9c3be1d5f12c Downloading 91.23MB
 3fc3aba09dd3 Downloading 99.61MB
 9c3be1d5f12c Downloading 92.27MB
 3fc3aba09dd3 Downloading 99.61MB
 9c3be1d5f12c Downloading 92.27MB
 3fc3aba09dd3 Downloading 99.61MB
 9c3be1d5f12c Downloading 92.27MB
 3fc3aba09dd3 Downloading 99.61MB
 9c3be1d5f12c Downloading 92.27MB
 3fc3aba09dd3 Downloading 99.61MB
 9c3be1d5f12c Downloading 93.32MB
 3fc3aba09dd3 Downloading 99.61MB
 9c3be1d5f12c Downloading 93.32MB
 3fc3aba09dd3 Downloading 99.61MB
 9c3be1d5f12c Downloading 93.32MB
 3fc3aba09dd3 Downloading 100.7MB
 9c3be1d5f12c Downloading 93.32MB
 3fc3aba09dd3 Downloading 100.7MB
 9c3be1d5f12c Downloading 93.32MB
 3fc3aba09dd3 Downloading 100.7MB
 9c3be1d5f12c Downloading 93.32MB
 3fc3aba09dd3 Downloading 100.7MB
 9c3be1d5f12c Downloading 93.32MB
 3fc3aba09dd3 Downloading 100.7MB
 9c3be1d5f12c Downloading 94.37MB
 3fc3aba09dd3 Downloading 100.7MB
 9c3be1d5f12c Downloading 94.37MB
 3fc3aba09dd3 Downloading 100.7MB
 9c3be1d5f12c Downloading 94.37MB
 3fc3aba09dd3 Downloading 101.7MB
 9c3be1d5f12c Downloading 94.37MB
 3fc3aba09dd3 Downloading 101.7MB
 9c3be1d5f12c Downloading 94.37MB
 3fc3aba09dd3 Downloading 101.7MB
 9c3be1d5f12c Downloading 94.37MB
 3fc3aba09dd3 Downloading 101.7MB
 9c3be1d5f12c Downloading 94.37MB
 3fc3aba09dd3 Downloading 101.7MB
 9c3be1d5f12c Downloading 95.42MB
 3fc3aba09dd3 Downloading 101.7MB
 3fc3aba09dd3 Downloading 102.8MB
 9c3be1d5f12c Downloading 95.42MB
 9c3be1d5f12c Downloading 95.42MB
 3fc3aba09dd3 Downloading 102.8MB
 9c3be1d5f12c Downloading 95.42MB
 3fc3aba09dd3 Downloading 102.8MB
 9c3be1d5f12c Downloading 95.42MB
 3fc3aba09dd3 Downloading 102.8MB
 3fc3aba09dd3 Downloading 102.8MB
 9c3be1d5f12c Downloading 95.42MB
 9c3be1d5f12c Downloading 95.42MB
 3fc3aba09dd3 Downloading 102.8MB
 9c3be1d5f12c Downloading 95.42MB
 3fc3aba09dd3 Downloading 102.8MB
 3fc3aba09dd3 Downloading 103.8MB
 9c3be1d5f12c Downloading 95.42MB
 9c3be1d5f12c Downloading 95.42MB
 3fc3aba09dd3 Downloading 103.8MB
 9c3be1d5f12c Downloading 96.47MB
 3fc3aba09dd3 Downloading 103.8MB
 9c3be1d5f12c Downloading 96.47MB
 3fc3aba09dd3 Downloading 103.8MB
 9c3be1d5f12c Downloading 96.47MB
 3fc3aba09dd3 Downloading 103.8MB
 9c3be1d5f12c Downloading 96.47MB
 3fc3aba09dd3 Downloading 103.8MB
 9c3be1d5f12c Downloading 96.47MB
 3fc3aba09dd3 Downloading 104.9MB
 9c3be1d5f12c Downloading 96.47MB
 3fc3aba09dd3 Downloading 104.9MB
 9c3be1d5f12c Downloading 96.47MB
 3fc3aba09dd3 Downloading 104.9MB
 9c3be1d5f12c Downloading 96.47MB
 3fc3aba09dd3 Downloading 104.9MB
 3fc3aba09dd3 Downloading 104.9MB
 9c3be1d5f12c Downloading 96.47MB
 9c3be1d5f12c Downloading 96.47MB
 3fc3aba09dd3 Downloading 104.9MB
 9c3be1d5f12c Downloading 96.47MB
 3fc3aba09dd3 Downloading 104.9MB
 3fc3aba09dd3 Downloading 104.9MB
 9c3be1d5f12c Downloading 97.52MB
 9c3be1d5f12c Downloading 97.52MB
 3fc3aba09dd3 Downloading 104.9MB
 9c3be1d5f12c Downloading 97.52MB
 3fc3aba09dd3 Downloading 105.9MB
 9c3be1d5f12c Downloading 97.52MB
 3fc3aba09dd3 Downloading 105.9MB
 9c3be1d5f12c Downloading 97.52MB
 3fc3aba09dd3 Downloading 105.9MB
 9c3be1d5f12c Downloading 97.52MB
 3fc3aba09dd3 Downloading 105.9MB
 9c3be1d5f12c Downloading 97.52MB
 3fc3aba09dd3 Downloading 105.9MB
 9c3be1d5f12c Downloading 97.52MB
 3fc3aba09dd3 Downloading 105.9MB
 3fc3aba09dd3 Downloading 105.9MB
 9c3be1d5f12c Downloading 97.52MB
 9c3be1d5f12c Downloading 97.52MB
 3fc3aba09dd3 Downloading 105.9MB
 9c3be1d5f12c Downloading 97.52MB
 3fc3aba09dd3 Downloading 105.9MB
 9c3be1d5f12c Downloading 98.57MB
 3fc3aba09dd3 Downloading 105.9MB
 9c3be1d5f12c Downloading 98.57MB
 3fc3aba09dd3 Downloading 105.9MB
 9c3be1d5f12c Downloading 98.57MB
 3fc3aba09dd3 Downloading 105.9MB
 9c3be1d5f12c Downloading 98.57MB
 3fc3aba09dd3 Downloading 106.3MB
 9c3be1d5f12c Downloading 98.57MB
 3fc3aba09dd3 Downloading 107MB
 9c3be1d5f12c Downloading 98.57MB
 3fc3aba09dd3 Downloading 107MB
 9c3be1d5f12c Downloading 98.57MB
 3fc3aba09dd3 Downloading 107MB
 9c3be1d5f12c Downloading 98.57MB
 3fc3aba09dd3 Downloading 107MB
 9c3be1d5f12c Downloading 99.61MB
 3fc3aba09dd3 Downloading 107MB
 9c3be1d5f12c Downloading 99.61MB
 3fc3aba09dd3 Downloading 107MB
 9c3be1d5f12c Downloading 99.61MB
 3fc3aba09dd3 Downloading 107MB
 9c3be1d5f12c Downloading 99.61MB
 3fc3aba09dd3 Downloading 107MB
 9c3be1d5f12c Downloading 99.61MB
 3fc3aba09dd3 Downloading 108MB
 9c3be1d5f12c Downloading 99.61MB
 3fc3aba09dd3 Downloading 108MB
 9c3be1d5f12c Downloading 99.61MB
 3fc3aba09dd3 Downloading 108MB
 9c3be1d5f12c Downloading 99.61MB
 3fc3aba09dd3 Downloading 108MB
 9c3be1d5f12c Downloading 99.61MB
 3fc3aba09dd3 Downloading 108MB
 9c3be1d5f12c Downloading 99.61MB
 3fc3aba09dd3 Downloading 108MB
 9c3be1d5f12c Downloading 100.7MB
 3fc3aba09dd3 Downloading 108MB
 9c3be1d5f12c Downloading 100.7MB
 3fc3aba09dd3 Downloading 108MB
 9c3be1d5f12c Downloading 100.7MB
 3fc3aba09dd3 Downloading 109.1MB
 9c3be1d5f12c Downloading 100.7MB
 3fc3aba09dd3 Downloading 109.1MB
 9c3be1d5f12c Downloading 100.7MB
 3fc3aba09dd3 Downloading 109.1MB
 9c3be1d5f12c Downloading 100.7MB
 3fc3aba09dd3 Downloading 109.1MB
 9c3be1d5f12c Downloading 100.7MB
 3fc3aba09dd3 Downloading 109.1MB
 9c3be1d5f12c Downloading 101.7MB
 3fc3aba09dd3 Downloading 109.1MB
 9c3be1d5f12c Downloading 101.7MB
 3fc3aba09dd3 Downloading 110.1MB
 9c3be1d5f12c Downloading 101.7MB
 3fc3aba09dd3 Downloading 110.1MB
 9c3be1d5f12c Downloading 101.7MB
 3fc3aba09dd3 Downloading 110.1MB
 9c3be1d5f12c Downloading 101.7MB
 3fc3aba09dd3 Downloading 110.1MB
 9c3be1d5f12c Downloading 102.8MB
 3fc3aba09dd3 Downloading 110.1MB
 9c3be1d5f12c Downloading 102.8MB
 3fc3aba09dd3 Downloading 110.1MB
 9c3be1d5f12c Downloading 102.8MB
 3fc3aba09dd3 Downloading 111.1MB
 9c3be1d5f12c Downloading 102.8MB
 3fc3aba09dd3 Downloading 111.1MB
 9c3be1d5f12c Downloading 102.8MB
 3fc3aba09dd3 Downloading 111.1MB
 9c3be1d5f12c Downloading 102.8MB
 3fc3aba09dd3 Downloading 111.1MB
 9c3be1d5f12c Downloading 103.8MB
 3fc3aba09dd3 Downloading 111.1MB
 3fc3aba09dd3 Downloading 112.2MB
 9c3be1d5f12c Downloading 103.8MB
 9c3be1d5f12c Downloading 103.8MB
 3fc3aba09dd3 Downloading 112.2MB
 9c3be1d5f12c Downloading 103.8MB
 3fc3aba09dd3 Downloading 112.2MB
 9c3be1d5f12c Downloading 103.8MB
 3fc3aba09dd3 Downloading 112.2MB
 9c3be1d5f12c Downloading 103.8MB
 3fc3aba09dd3 Downloading 112.2MB
 9c3be1d5f12c Downloading 103.8MB
 3fc3aba09dd3 Downloading 113.2MB
 9c3be1d5f12c Downloading 103.8MB
 3fc3aba09dd3 Downloading 113.2MB
 9c3be1d5f12c Downloading 103.8MB
 3fc3aba09dd3 Downloading 113.2MB
 9c3be1d5f12c Downloading 104.9MB
 3fc3aba09dd3 Downloading 113.2MB
 9c3be1d5f12c Downloading 104.9MB
 3fc3aba09dd3 Downloading 113.2MB
 9c3be1d5f12c Downloading 104.9MB
 3fc3aba09dd3 Downloading 114.3MB
 9c3be1d5f12c Downloading 104.9MB
 3fc3aba09dd3 Downloading 114.3MB
 3fc3aba09dd3 Downloading 114.3MB
 9c3be1d5f12c Downloading 104.9MB
 9c3be1d5f12c Downloading 104.9MB
 3fc3aba09dd3 Downloading 114.3MB
 9c3be1d5f12c Downloading 104.9MB
 3fc3aba09dd3 Downloading 115.3MB
 9c3be1d5f12c Downloading 104.9MB
 3fc3aba09dd3 Downloading 115.3MB
 9c3be1d5f12c Downloading 104.9MB
 3fc3aba09dd3 Downloading 115.3MB
 9c3be1d5f12c Downloading 105.9MB
 3fc3aba09dd3 Downloading 115.3MB
 9c3be1d5f12c Downloading 105.9MB
 3fc3aba09dd3 Downloading 116.4MB
 9c3be1d5f12c Downloading 105.9MB
 3fc3aba09dd3 Downloading 116.4MB
 9c3be1d5f12c Downloading 105.9MB
 3fc3aba09dd3 Downloading 116.4MB
 9c3be1d5f12c Downloading 105.9MB
 3fc3aba09dd3 Downloading 116.4MB
 9c3be1d5f12c Downloading 105.9MB
 3fc3aba09dd3 Downloading 116.4MB
 9c3be1d5f12c Downloading 105.9MB
 3fc3aba09dd3 Downloading 117.4MB
 9c3be1d5f12c Downloading 105.9MB
 3fc3aba09dd3 Downloading 117.4MB
 3fc3aba09dd3 Downloading 117.4MB
 9c3be1d5f12c Downloading 107MB
 9c3be1d5f12c Downloading 107MB
 3fc3aba09dd3 Downloading 117.4MB
 3fc3aba09dd3 Downloading 118.5MB
 9c3be1d5f12c Downloading 107MB
 9c3be1d5f12c Downloading 107MB
 3fc3aba09dd3 Downloading 118.5MB
 3fc3aba09dd3 Downloading 118.5MB
 9c3be1d5f12c Downloading 107MB
 9c3be1d5f12c Downloading 107MB
 3fc3aba09dd3 Downloading 118.5MB
 9c3be1d5f12c Downloading 108MB
 3fc3aba09dd3 Downloading 119.5MB
 9c3be1d5f12c Downloading 108MB
 3fc3aba09dd3 Downloading 119.5MB
 9c3be1d5f12c Downloading 108MB
 3fc3aba09dd3 Downloading 119.5MB
 9c3be1d5f12c Downloading 108MB
 3fc3aba09dd3 Downloading 119.5MB
 9c3be1d5f12c Downloading 108MB
 3fc3aba09dd3 Downloading 119.5MB
 9c3be1d5f12c Downloading 108MB
 3fc3aba09dd3 Downloading 120.6MB
 9c3be1d5f12c Downloading 108MB
 3fc3aba09dd3 Downloading 120.6MB
 9c3be1d5f12c Downloading 109.1MB
 3fc3aba09dd3 Downloading 120.6MB
 9c3be1d5f12c Downloading 109.1MB
 3fc3aba09dd3 Downloading 120.6MB
 9c3be1d5f12c Downloading 109.1MB
 3fc3aba09dd3 Downloading 121.6MB
 9c3be1d5f12c Downloading 109.1MB
 3fc3aba09dd3 Downloading 121.6MB
 9c3be1d5f12c Downloading 109.1MB
 3fc3aba09dd3 Downloading 121.6MB
 9c3be1d5f12c Downloading 109.1MB
 3fc3aba09dd3 Downloading 121.6MB
 9c3be1d5f12c Downloading 110.1MB
 3fc3aba09dd3 Downloading 121.6MB
 3fc3aba09dd3 Downloading 121.6MB
 9c3be1d5f12c Downloading 110.1MB
 3fc3aba09dd3 Downloading 121.6MB
 9c3be1d5f12c Downloading 110.1MB
 9c3be1d5f12c Downloading 110.1MB
 3fc3aba09dd3 Downloading 122.7MB
 9c3be1d5f12c Downloading 110.1MB
 3fc3aba09dd3 Downloading 122.7MB
 9c3be1d5f12c Downloading 110.1MB
 3fc3aba09dd3 Downloading 122.7MB
 9c3be1d5f12c Downloading 110.1MB
 3fc3aba09dd3 Downloading 122.7MB
 9c3be1d5f12c Downloading 110.1MB
 3fc3aba09dd3 Downloading 122.7MB
 9c3be1d5f12c Downloading 111.1MB
 3fc3aba09dd3 Downloading 122.7MB
 9c3be1d5f12c Downloading 111.1MB
 3fc3aba09dd3 Downloading 122.7MB
 9c3be1d5f12c Downloading 111.1MB
 3fc3aba09dd3 Downloading 123.7MB
 3fc3aba09dd3 Downloading 123.7MB
 9c3be1d5f12c Downloading 111.1MB
 3fc3aba09dd3 Downloading 123.7MB
 9c3be1d5f12c Downloading 111.1MB
 9c3be1d5f12c Downloading 111.1MB
 3fc3aba09dd3 Downloading 123.7MB
 9c3be1d5f12c Downloading 111.1MB
 3fc3aba09dd3 Downloading 123.7MB
 9c3be1d5f12c Downloading 112.2MB
 3fc3aba09dd3 Downloading 123.7MB
 9c3be1d5f12c Downloading 112.2MB
 3fc3aba09dd3 Downloading 123.7MB
 9c3be1d5f12c Downloading 112.2MB
 3fc3aba09dd3 Downloading 123.7MB
 9c3be1d5f12c Downloading 112.2MB
 3fc3aba09dd3 Downloading 123.7MB
 9c3be1d5f12c Downloading 112.2MB
 3fc3aba09dd3 Downloading 123.7MB
 9c3be1d5f12c Downloading 112.2MB
 3fc3aba09dd3 Downloading 123.7MB
 9c3be1d5f12c Downloading 112.2MB
 3fc3aba09dd3 Downloading 123.7MB
 9c3be1d5f12c Downloading 112.2MB
 3fc3aba09dd3 Downloading 123.7MB
 9c3be1d5f12c Downloading 112.2MB
 3fc3aba09dd3 Downloading 123.7MB
 9c3be1d5f12c Downloading 112.2MB
 3fc3aba09dd3 Downloading 123.7MB
 9c3be1d5f12c Downloading 112.2MB
 3fc3aba09dd3 Downloading 123.7MB
 3fc3aba09dd3 Downloading 123.7MB
 9c3be1d5f12c Downloading 112.2MB
 9c3be1d5f12c Downloading 113.2MB
 3fc3aba09dd3 Downloading 123.7MB
 9c3be1d5f12c Downloading 113.2MB
 3fc3aba09dd3 Downloading 123.7MB
 9c3be1d5f12c Downloading 113.2MB
 3fc3aba09dd3 Downloading 124.8MB
 9c3be1d5f12c Downloading 113.2MB
 3fc3aba09dd3 Downloading 124.8MB
 9c3be1d5f12c Downloading 113.2MB
 3fc3aba09dd3 Downloading 124.8MB
 9c3be1d5f12c Downloading 113.2MB
 3fc3aba09dd3 Downloading 124.8MB
 9c3be1d5f12c Downloading 113.2MB
 3fc3aba09dd3 Downloading 124.8MB
 9c3be1d5f12c Downloading 113.2MB
 3fc3aba09dd3 Downloading 124.8MB
 9c3be1d5f12c Downloading 113.2MB
 3fc3aba09dd3 Downloading 124.8MB
 9c3be1d5f12c Downloading 113.2MB
 3fc3aba09dd3 Downloading 124.8MB
 9c3be1d5f12c Downloading 114.3MB
 3fc3aba09dd3 Downloading 124.8MB
 9c3be1d5f12c Downloading 114.3MB
 3fc3aba09dd3 Downloading 124.8MB
 9c3be1d5f12c Downloading 114.3MB
 3fc3aba09dd3 Downloading 124.8MB
 9c3be1d5f12c Downloading 114.3MB
 3fc3aba09dd3 Downloading 124.8MB
 9c3be1d5f12c Downloading 114.3MB
 3fc3aba09dd3 Downloading 124.8MB
 9c3be1d5f12c Downloading 114.3MB
 3fc3aba09dd3 Downloading 124.8MB
 9c3be1d5f12c Downloading 114.3MB
 3fc3aba09dd3 Downloading 124.8MB
 9c3be1d5f12c Downloading 115.3MB
 3fc3aba09dd3 Downloading 124.8MB
 9c3be1d5f12c Downloading 115.3MB
 3fc3aba09dd3 Downloading 124.8MB
 3fc3aba09dd3 Downloading 124.8MB
 9c3be1d5f12c Downloading 115.3MB
 9c3be1d5f12c Downloading 115.3MB
 3fc3aba09dd3 Downloading 124.8MB
 9c3be1d5f12c Downloading 115.3MB
 3fc3aba09dd3 Downloading 124.8MB
 9c3be1d5f12c Downloading 115.3MB
 3fc3aba09dd3 Downloading 124.8MB
 9c3be1d5f12c Downloading 115.3MB
 3fc3aba09dd3 Downloading 124.8MB
 9c3be1d5f12c Downloading 116.4MB
 3fc3aba09dd3 Downloading 124.8MB
 9c3be1d5f12c Downloading 116.4MB
 3fc3aba09dd3 Downloading 124.8MB
 9c3be1d5f12c Downloading 116.4MB
 3fc3aba09dd3 Downloading 124.8MB
 9c3be1d5f12c Downloading 116.4MB
 3fc3aba09dd3 Downloading 124.8MB
 9c3be1d5f12c Downloading 116.4MB
 3fc3aba09dd3 Downloading 124.8MB
 9c3be1d5f12c Downloading 116.4MB
 3fc3aba09dd3 Downloading 124.8MB
 3fc3aba09dd3 Downloading 125.8MB
 9c3be1d5f12c Downloading 116.4MB
 9c3be1d5f12c Downloading 117.4MB
 3fc3aba09dd3 Downloading 125.8MB
 3fc3aba09dd3 Downloading 125.8MB
 9c3be1d5f12c Downloading 117.4MB
 9c3be1d5f12c Downloading 117.4MB
 3fc3aba09dd3 Downloading 125.8MB
 9c3be1d5f12c Downloading 117.4MB
 3fc3aba09dd3 Downloading 125.8MB
 9c3be1d5f12c Downloading 117.4MB
 3fc3aba09dd3 Downloading 125.8MB
 9c3be1d5f12c Downloading 117.4MB
 3fc3aba09dd3 Downloading 125.8MB
 9c3be1d5f12c Downloading 118.5MB
 3fc3aba09dd3 Downloading 125.8MB
 9c3be1d5f12c Downloading 118.5MB
 3fc3aba09dd3 Downloading 125.8MB
 9c3be1d5f12c Downloading 118.5MB
 3fc3aba09dd3 Downloading 125.8MB
 3fc3aba09dd3 Downloading 125.8MB
 9c3be1d5f12c Downloading 118.5MB
 9c3be1d5f12c Downloading 118.5MB
 3fc3aba09dd3 Downloading 125.8MB
 9c3be1d5f12c Downloading 118.5MB
 3fc3aba09dd3 Downloading 125.8MB
 3fc3aba09dd3 Downloading 126.9MB
 9c3be1d5f12c Downloading 118.5MB
 9c3be1d5f12c Downloading 119.5MB
 3fc3aba09dd3 Downloading 126.9MB
 9c3be1d5f12c Downloading 119.5MB
 3fc3aba09dd3 Downloading 126.9MB
 9c3be1d5f12c Downloading 119.5MB
 3fc3aba09dd3 Downloading 126.9MB
 9c3be1d5f12c Downloading 119.5MB
 3fc3aba09dd3 Downloading 126.9MB
 9c3be1d5f12c Downloading 119.5MB
 3fc3aba09dd3 Downloading 126.9MB
 9c3be1d5f12c Downloading 120.6MB
 3fc3aba09dd3 Downloading 126.9MB
 9c3be1d5f12c Downloading 120.6MB
 3fc3aba09dd3 Downloading 126.9MB
 9c3be1d5f12c Downloading 120.6MB
 3fc3aba09dd3 Downloading 126.9MB
 9c3be1d5f12c Downloading 120.6MB
 3fc3aba09dd3 Downloading 126.9MB
 9c3be1d5f12c Downloading 120.6MB
 3fc3aba09dd3 Downloading 126.9MB
 9c3be1d5f12c Downloading 121.6MB
 3fc3aba09dd3 Downloading 126.9MB
 9c3be1d5f12c Downloading 121.6MB
 3fc3aba09dd3 Downloading 126.9MB
 9c3be1d5f12c Downloading 121.6MB
 3fc3aba09dd3 Downloading 127.9MB
 3fc3aba09dd3 Downloading 127.9MB
 9c3be1d5f12c Downloading 121.6MB
 9c3be1d5f12c Downloading 122.7MB
 3fc3aba09dd3 Downloading 127.9MB
 9c3be1d5f12c Downloading 122.7MB
 3fc3aba09dd3 Downloading 127.9MB
 9c3be1d5f12c Downloading 122.7MB
 3fc3aba09dd3 Downloading 127.9MB
 9c3be1d5f12c Downloading 122.7MB
 3fc3aba09dd3 Downloading 127.9MB
 9c3be1d5f12c Downloading 122.7MB
 3fc3aba09dd3 Downloading 127.9MB
 9c3be1d5f12c Downloading 123.7MB
 3fc3aba09dd3 Downloading 127.9MB
 9c3be1d5f12c Downloading 123.7MB
 3fc3aba09dd3 Downloading 127.9MB
 3fc3aba09dd3 Downloading 127.9MB
 9c3be1d5f12c Downloading 123.7MB
 9c3be1d5f12c Downloading 123.7MB
 3fc3aba09dd3 Downloading 129MB
 9c3be1d5f12c Downloading 124.8MB
 3fc3aba09dd3 Downloading 129MB
 9c3be1d5f12c Downloading 124.8MB
 3fc3aba09dd3 Downloading 129MB
 9c3be1d5f12c Downloading 124.8MB
 3fc3aba09dd3 Downloading 129MB
 3fc3aba09dd3 Downloading 129MB
 9c3be1d5f12c Downloading 124.8MB
 9c3be1d5f12c Downloading 124.8MB
 3fc3aba09dd3 Downloading 129MB
 9c3be1d5f12c Downloading 125.8MB
 3fc3aba09dd3 Downloading 129MB
 9c3be1d5f12c Downloading 125.8MB
 3fc3aba09dd3 Downloading 129MB
 9c3be1d5f12c Downloading 125.8MB
 3fc3aba09dd3 Downloading 129MB
 9c3be1d5f12c Downloading 125.8MB
 3fc3aba09dd3 Downloading 130MB
 9c3be1d5f12c Downloading 126.9MB
 3fc3aba09dd3 Downloading 130MB
 9c3be1d5f12c Downloading 126.9MB
 3fc3aba09dd3 Downloading 130MB
 9c3be1d5f12c Downloading 126.9MB
 3fc3aba09dd3 Downloading 130MB
 3fc3aba09dd3 Downloading 130MB
 9c3be1d5f12c Downloading 127.9MB
 9c3be1d5f12c Downloading 127.9MB
 3fc3aba09dd3 Downloading 130MB
 9c3be1d5f12c Downloading 127.9MB
 3fc3aba09dd3 Downloading 130MB
 9c3be1d5f12c Downloading 127.9MB
 3fc3aba09dd3 Downloading 131.1MB
 9c3be1d5f12c Downloading 129MB
 3fc3aba09dd3 Downloading 131.1MB
 9c3be1d5f12c Downloading 129MB
 3fc3aba09dd3 Downloading 131.1MB
 9c3be1d5f12c Downloading 129MB
 3fc3aba09dd3 Downloading 131.1MB
 9c3be1d5f12c Downloading 129MB
 3fc3aba09dd3 Downloading 131.1MB
 3fc3aba09dd3 Downloading 131.1MB
 9c3be1d5f12c Downloading 130MB
 9c3be1d5f12c Downloading 130MB
 3fc3aba09dd3 Downloading 131.1MB
 9c3be1d5f12c Downloading 130MB
 3fc3aba09dd3 Downloading 131.1MB
 3fc3aba09dd3 Downloading 131.1MB
 9c3be1d5f12c Downloading 130MB
 9c3be1d5f12c Downloading 131.1MB
 3fc3aba09dd3 Downloading 132.1MB
 9c3be1d5f12c Downloading 131.1MB
 3fc3aba09dd3 Downloading 132.1MB
 9c3be1d5f12c Downloading 131.1MB
 3fc3aba09dd3 Downloading 132.1MB
 9c3be1d5f12c Downloading 132.1MB
 3fc3aba09dd3 Downloading 132.1MB
 9c3be1d5f12c Downloading 132.1MB
 3fc3aba09dd3 Downloading 132.1MB
 3fc3aba09dd3 Downloading 132.1MB
 9c3be1d5f12c Downloading 132.1MB
 9c3be1d5f12c Downloading 133.2MB
 3fc3aba09dd3 Downloading 132.1MB
 9c3be1d5f12c Downloading 133.2MB
 3fc3aba09dd3 Downloading 132.1MB
 9c3be1d5f12c Downloading 133.2MB
 3fc3aba09dd3 Downloading 132.1MB
 9c3be1d5f12c Downloading 133.2MB
 3fc3aba09dd3 Downloading 133.2MB
 9c3be1d5f12c Downloading 134.2MB
 3fc3aba09dd3 Downloading 133.2MB
 9c3be1d5f12c Downloading 134.2MB
 3fc3aba09dd3 Downloading 133.2MB
 3fc3aba09dd3 Downloading 133.2MB
 9c3be1d5f12c Downloading 134.2MB
 9c3be1d5f12c Downloading 134.2MB
 3fc3aba09dd3 Downloading 133.2MB
 9c3be1d5f12c Downloading 134.2MB
 3fc3aba09dd3 Downloading 133.2MB
 9c3be1d5f12c Downloading 135.3MB
 3fc3aba09dd3 Downloading 133.2MB
 9c3be1d5f12c Downloading 135.3MB
 3fc3aba09dd3 Downloading 133.2MB
 9c3be1d5f12c Downloading 135.3MB
 3fc3aba09dd3 Downloading 133.2MB
 9c3be1d5f12c Downloading 135.3MB
 3fc3aba09dd3 Downloading 134.2MB
 9c3be1d5f12c Downloading 136.3MB
 3fc3aba09dd3 Downloading 134.2MB
 9c3be1d5f12c Downloading 136.3MB
 3fc3aba09dd3 Downloading 134.2MB
 9c3be1d5f12c Downloading 136.3MB
 3fc3aba09dd3 Downloading 134.2MB
 3fc3aba09dd3 Downloading 134.2MB
 9c3be1d5f12c Downloading 136.3MB
 9c3be1d5f12c Downloading 137.4MB
 3fc3aba09dd3 Downloading 134.2MB
 9c3be1d5f12c Downloading 137.4MB
 3fc3aba09dd3 Downloading 134.2MB
 9c3be1d5f12c Downloading 137.4MB
 3fc3aba09dd3 Downloading 134.2MB
 9c3be1d5f12c Downloading 137.4MB
 3fc3aba09dd3 Downloading 134.2MB
 9c3be1d5f12c Downloading 137.4MB
 3fc3aba09dd3 Downloading 134.2MB
 3fc3aba09dd3 Downloading 134.2MB
 9c3be1d5f12c Downloading 138.4MB
 9c3be1d5f12c Downloading 138.4MB
 3fc3aba09dd3 Downloading 134.2MB
 9c3be1d5f12c Downloading 138.4MB
 3fc3aba09dd3 Downloading 135.3MB
 9c3be1d5f12c Downloading 138.4MB
 3fc3aba09dd3 Downloading 135.3MB
 9c3be1d5f12c Downloading 138.4MB
 3fc3aba09dd3 Downloading 135.3MB
 9c3be1d5f12c Downloading 138.4MB
 3fc3aba09dd3 Downloading 135.3MB
 9c3be1d5f12c Downloading 138.4MB
 3fc3aba09dd3 Downloading 135.3MB
 3fc3aba09dd3 Downloading 135.3MB
 9c3be1d5f12c Downloading 138.4MB
 9c3be1d5f12c Downloading 139.5MB
 3fc3aba09dd3 Downloading 135.3MB
 9c3be1d5f12c Downloading 139.5MB
 3fc3aba09dd3 Downloading 135.3MB
 9c3be1d5f12c Downloading 139.5MB
 3fc3aba09dd3 Downloading 135.3MB
 9c3be1d5f12c Downloading 139.5MB
 3fc3aba09dd3 Downloading 135.3MB
 9c3be1d5f12c Downloading 139.5MB
 3fc3aba09dd3 Downloading 135.3MB
 9c3be1d5f12c Downloading 139.5MB
 3fc3aba09dd3 Downloading 135.3MB
 9c3be1d5f12c Downloading 140.5MB
 3fc3aba09dd3 Downloading 135.3MB
 9c3be1d5f12c Downloading 140.5MB
 3fc3aba09dd3 Downloading 135.3MB
 9c3be1d5f12c Downloading 140.5MB
 3fc3aba09dd3 Downloading 135.3MB
 9c3be1d5f12c Downloading 140.5MB
 3fc3aba09dd3 Downloading 135.3MB
 9c3be1d5f12c Downloading 140.5MB
 3fc3aba09dd3 Downloading 136.3MB
 9c3be1d5f12c Downloading 140.5MB
 3fc3aba09dd3 Downloading 136.3MB
 3fc3aba09dd3 Downloading 136.3MB
 9c3be1d5f12c Downloading 141.6MB
 9c3be1d5f12c Downloading 141.6MB
 3fc3aba09dd3 Downloading 136.3MB
 9c3be1d5f12c Downloading 141.6MB
 3fc3aba09dd3 Downloading 136.3MB
 3fc3aba09dd3 Downloading 136.3MB
 9c3be1d5f12c Downloading 141.6MB
 9c3be1d5f12c Downloading 141.6MB
 3fc3aba09dd3 Downloading 136.3MB
 9c3be1d5f12c Downloading 141.6MB
 3fc3aba09dd3 Downloading 136.3MB
 9c3be1d5f12c Downloading 142.6MB
 3fc3aba09dd3 Downloading 136.3MB
 3fc3aba09dd3 Downloading 136.3MB
 9c3be1d5f12c Downloading 142.6MB
 9c3be1d5f12c Downloading 142.6MB
 3fc3aba09dd3 Downloading 136.3MB
 9c3be1d5f12c Downloading 142.6MB
 3fc3aba09dd3 Downloading 136.3MB
 9c3be1d5f12c Downloading 142.6MB
 3fc3aba09dd3 Downloading 136.3MB
 9c3be1d5f12c Downloading 142.6MB
 3fc3aba09dd3 Downloading 137.4MB
 9c3be1d5f12c Downloading 142.6MB
 3fc3aba09dd3 Downloading 137.4MB
 9c3be1d5f12c Downloading 142.6MB
 3fc3aba09dd3 Downloading 137.4MB
 9c3be1d5f12c Downloading 142.6MB
 3fc3aba09dd3 Downloading 137.4MB
 9c3be1d5f12c Downloading 142.6MB
 3fc3aba09dd3 Downloading 137.4MB
 9c3be1d5f12c Downloading 143.7MB
 3fc3aba09dd3 Downloading 137.4MB
 9c3be1d5f12c Downloading 143.7MB
 3fc3aba09dd3 Downloading 137.4MB
 9c3be1d5f12c Downloading 143.7MB
 3fc3aba09dd3 Downloading 137.4MB
 9c3be1d5f12c Downloading 143.7MB
 3fc3aba09dd3 Downloading 137.4MB
 9c3be1d5f12c Downloading 143.7MB
 3fc3aba09dd3 Downloading 137.4MB
 9c3be1d5f12c Downloading 143.7MB
 3fc3aba09dd3 Downloading 138.4MB
 9c3be1d5f12c Downloading 143.7MB
 3fc3aba09dd3 Downloading 138.4MB
 9c3be1d5f12c Downloading 143.7MB
 3fc3aba09dd3 Downloading 138.4MB
 3fc3aba09dd3 Downloading 138.4MB
 9c3be1d5f12c Downloading 143.7MB
 9c3be1d5f12c Downloading 144.7MB
 3fc3aba09dd3 Downloading 138.8MB
 9c3be1d5f12c Downloading 144.7MB
 3fc3aba09dd3 Download complete 0B
 9c3be1d5f12c Downloading 144.7MB
 9c3be1d5f12c Downloading 144.7MB
 9c3be1d5f12c Downloading 144.7MB
 9c3be1d5f12c Downloading 144.7MB
 9c3be1d5f12c Downloading 144.7MB
 9c3be1d5f12c Downloading 144.7MB
 9c3be1d5f12c Downloading 145.8MB
 9c3be1d5f12c Downloading 145.8MB
 9c3be1d5f12c Downloading 145.8MB
 9c3be1d5f12c Downloading 145.8MB
 9c3be1d5f12c Downloading 145.8MB
 9c3be1d5f12c Downloading 145.8MB
 9c3be1d5f12c Downloading 145.8MB
 9c3be1d5f12c Downloading 145.8MB
 9c3be1d5f12c Downloading 146.8MB
 9c3be1d5f12c Downloading 146.8MB
 9c3be1d5f12c Downloading 146.8MB
 9c3be1d5f12c Downloading 146.8MB
 9c3be1d5f12c Downloading 146.8MB
 9c3be1d5f12c Downloading 146.8MB
 9c3be1d5f12c Downloading 146.8MB
 9c3be1d5f12c Downloading 146.8MB
 9c3be1d5f12c Downloading 146.8MB
 9c3be1d5f12c Downloading 146.8MB
 9c3be1d5f12c Downloading 146.8MB
 9c3be1d5f12c Downloading 146.8MB
 9c3be1d5f12c Downloading 146.8MB
 9c3be1d5f12c Downloading 147.8MB
 9c3be1d5f12c Downloading 147.8MB
 9c3be1d5f12c Downloading 147.8MB
 9c3be1d5f12c Downloading 147.8MB
 9c3be1d5f12c Downloading 147.8MB
 9c3be1d5f12c Downloading 147.8MB
 9c3be1d5f12c Downloading 147.8MB
 9c3be1d5f12c Downloading 147.8MB
 9c3be1d5f12c Downloading 147.8MB
 9c3be1d5f12c Downloading 147.8MB
 9c3be1d5f12c Downloading 147.8MB
 9c3be1d5f12c Downloading 148.9MB
 9c3be1d5f12c Downloading 148.9MB
 9c3be1d5f12c Downloading 148.9MB
 9c3be1d5f12c Downloading 148.9MB
 9c3be1d5f12c Downloading 148.9MB
 9c3be1d5f12c Downloading 148.9MB
 9c3be1d5f12c Downloading 148.9MB
 9c3be1d5f12c Downloading 148.9MB
 9c3be1d5f12c Downloading 148.9MB
 9c3be1d5f12c Downloading 148.9MB
 9c3be1d5f12c Downloading 149.9MB
 9c3be1d5f12c Downloading 149.9MB
 9c3be1d5f12c Downloading 149.9MB
 9c3be1d5f12c Downloading 149.9MB
 9c3be1d5f12c Downloading 149.9MB
 9c3be1d5f12c Downloading 149.9MB
 9c3be1d5f12c Downloading 149.9MB
 9c3be1d5f12c Downloading 149.9MB
 9c3be1d5f12c Downloading 149.9MB
 9c3be1d5f12c Downloading 151MB
 9c3be1d5f12c Downloading 151MB
 9c3be1d5f12c Downloading 151MB
 9c3be1d5f12c Downloading 151MB
 9c3be1d5f12c Downloading 151MB
 9c3be1d5f12c Downloading 151MB
 9c3be1d5f12c Downloading 151MB
 9c3be1d5f12c Downloading 151MB
 9c3be1d5f12c Downloading 151MB
 9c3be1d5f12c Downloading 151MB
 9c3be1d5f12c Downloading 151MB
 9c3be1d5f12c Downloading 151MB
 9c3be1d5f12c Downloading 151MB
 9c3be1d5f12c Downloading 152MB
 9c3be1d5f12c Downloading 152MB
 9c3be1d5f12c Downloading 152MB
 9c3be1d5f12c Downloading 152MB
 9c3be1d5f12c Downloading 152MB
 9c3be1d5f12c Downloading 152MB
 9c3be1d5f12c Downloading 152MB
 9c3be1d5f12c Downloading 152MB
 9c3be1d5f12c Downloading 152MB
 9c3be1d5f12c Downloading 152MB
 9c3be1d5f12c Downloading 152MB
 9c3be1d5f12c Downloading 152MB
 9c3be1d5f12c Downloading 152MB
 9c3be1d5f12c Downloading 152MB
 9c3be1d5f12c Downloading 152MB
 9c3be1d5f12c Downloading 152MB
 9c3be1d5f12c Downloading 152MB
 9c3be1d5f12c Downloading 152MB
 9c3be1d5f12c Downloading 152MB
 9c3be1d5f12c Downloading 152MB
 9c3be1d5f12c Downloading 152MB
 9c3be1d5f12c Downloading 152MB
 9c3be1d5f12c Downloading 152MB
 9c3be1d5f12c Downloading 152MB
 9c3be1d5f12c Downloading 152MB
 9c3be1d5f12c Downloading 153.1MB
 9c3be1d5f12c Downloading 153.1MB
 9c3be1d5f12c Downloading 153.1MB
 9c3be1d5f12c Downloading 153.1MB
 9c3be1d5f12c Downloading 153.1MB
 9c3be1d5f12c Downloading 153.1MB
 9c3be1d5f12c Downloading 153.1MB
 9c3be1d5f12c Downloading 153.1MB
 9c3be1d5f12c Downloading 153.1MB
 9c3be1d5f12c Downloading 153.1MB
 9c3be1d5f12c Downloading 153.1MB
 9c3be1d5f12c Downloading 153.1MB
 9c3be1d5f12c Downloading 153.1MB
 9c3be1d5f12c Downloading 153.1MB
 9c3be1d5f12c Downloading 153.1MB
 9c3be1d5f12c Downloading 153.1MB
 9c3be1d5f12c Downloading 153.1MB
 9c3be1d5f12c Downloading 153.1MB
 9c3be1d5f12c Downloading 153.1MB
 9c3be1d5f12c Downloading 153.1MB
 9c3be1d5f12c Downloading 153.1MB
 9c3be1d5f12c Downloading 153.1MB
 9c3be1d5f12c Downloading 153.1MB
 9c3be1d5f12c Downloading 153.1MB
 9c3be1d5f12c Downloading 153.1MB
 9c3be1d5f12c Downloading 153.1MB
 9c3be1d5f12c Downloading 153.1MB
 9c3be1d5f12c Downloading 153.1MB
 9c3be1d5f12c Downloading 153.1MB
 9c3be1d5f12c Downloading 153.1MB
 9c3be1d5f12c Downloading 153.1MB
 9c3be1d5f12c Downloading 153.1MB
 9c3be1d5f12c Downloading 153.1MB
 9c3be1d5f12c Downloading 153.1MB
 9c3be1d5f12c Downloading 153.1MB
 9c3be1d5f12c Downloading 153.1MB
 9c3be1d5f12c Downloading 153.1MB
 9c3be1d5f12c Downloading 153.1MB
 9c3be1d5f12c Downloading 153.1MB
 9c3be1d5f12c Downloading 153.1MB
 9c3be1d5f12c Downloading 153.1MB
 9c3be1d5f12c Downloading 153.1MB
 9c3be1d5f12c Downloading 154.1MB
 9c3be1d5f12c Downloading 154.1MB
 9c3be1d5f12c Downloading 154.1MB
 9c3be1d5f12c Downloading 154.1MB
 9c3be1d5f12c Downloading 154.1MB
 9c3be1d5f12c Downloading 154.1MB
 9c3be1d5f12c Downloading 154.1MB
 9c3be1d5f12c Downloading 154.1MB
 9c3be1d5f12c Downloading 154.1MB
 9c3be1d5f12c Downloading 154.1MB
 9c3be1d5f12c Downloading 154.1MB
 9c3be1d5f12c Downloading 154.1MB
 9c3be1d5f12c Downloading 154.1MB
 9c3be1d5f12c Downloading 154.1MB
 9c3be1d5f12c Downloading 155.2MB
 9c3be1d5f12c Downloading 155.2MB
 9c3be1d5f12c Downloading 155.2MB
 9c3be1d5f12c Downloading 155.2MB
 9c3be1d5f12c Downloading 155.2MB
 9c3be1d5f12c Downloading 155.2MB
 9c3be1d5f12c Downloading 155.2MB
 9c3be1d5f12c Downloading 155.2MB
 9c3be1d5f12c Downloading 155.2MB
 9c3be1d5f12c Downloading 155.2MB
 9c3be1d5f12c Downloading 155.2MB
 9c3be1d5f12c Downloading 155.4MB
 9c3be1d5f12c Downloading 156.2MB
 9c3be1d5f12c Downloading 156.2MB
 9c3be1d5f12c Downloading 156.2MB
 9c3be1d5f12c Downloading 156.2MB
 9c3be1d5f12c Downloading 156.2MB
 9c3be1d5f12c Downloading 156.2MB
 9c3be1d5f12c Downloading 156.2MB
 9c3be1d5f12c Downloading 156.2MB
 9c3be1d5f12c Downloading 156.2MB
 9c3be1d5f12c Downloading 156.2MB
 9c3be1d5f12c Downloading 156.2MB
 9c3be1d5f12c Downloading 156.2MB
 9c3be1d5f12c Downloading 156.2MB
 9c3be1d5f12c Downloading 156.2MB
 9c3be1d5f12c Downloading 156.2MB
 9c3be1d5f12c Downloading 157.3MB
 9c3be1d5f12c Downloading 157.3MB
 9c3be1d5f12c Downloading 157.3MB
 9c3be1d5f12c Downloading 157.3MB
 9c3be1d5f12c Downloading 157.3MB
 9c3be1d5f12c Downloading 157.3MB
 9c3be1d5f12c Downloading 157.3MB
 9c3be1d5f12c Downloading 157.3MB
 9c3be1d5f12c Downloading 157.3MB
 9c3be1d5f12c Downloading 157.3MB
 9c3be1d5f12c Downloading 157.3MB
 9c3be1d5f12c Downloading 157.3MB
 9c3be1d5f12c Downloading 157.3MB
 9c3be1d5f12c Downloading 157.3MB
 9c3be1d5f12c Downloading 158.3MB
 9c3be1d5f12c Downloading 158.3MB
 9c3be1d5f12c Downloading 158.3MB
 9c3be1d5f12c Downloading 158.3MB
 9c3be1d5f12c Downloading 158.3MB
 9c3be1d5f12c Downloading 158.3MB
 9c3be1d5f12c Downloading 158.3MB
 9c3be1d5f12c Downloading 158.3MB
 9c3be1d5f12c Downloading 158.3MB
 9c3be1d5f12c Downloading 158.3MB
 9c3be1d5f12c Downloading 158.3MB
 9c3be1d5f12c Downloading 158.3MB
 9c3be1d5f12c Downloading 159.4MB
 9c3be1d5f12c Downloading 159.4MB
 9c3be1d5f12c Downloading 159.4MB
 9c3be1d5f12c Downloading 159.4MB
 9c3be1d5f12c Downloading 159.4MB
 9c3be1d5f12c Downloading 159.4MB
 9c3be1d5f12c Downloading 159.4MB
 9c3be1d5f12c Downloading 159.4MB
 9c3be1d5f12c Downloading 159.4MB
 9c3be1d5f12c Downloading 159.4MB
 9c3be1d5f12c Downloading 159.4MB
 9c3be1d5f12c Downloading 159.4MB
 9c3be1d5f12c Downloading 159.4MB
 9c3be1d5f12c Downloading 159.4MB
 9c3be1d5f12c Downloading 159.4MB
 9c3be1d5f12c Downloading 160.4MB
 9c3be1d5f12c Downloading 160.4MB
 9c3be1d5f12c Downloading 160.4MB
 9c3be1d5f12c Downloading 160.4MB
 9c3be1d5f12c Downloading 160.4MB
 9c3be1d5f12c Downloading 160.4MB
 9c3be1d5f12c Downloading 160.4MB
 9c3be1d5f12c Downloading 160.4MB
 9c3be1d5f12c Downloading 160.4MB
 9c3be1d5f12c Downloading 160.4MB
 9c3be1d5f12c Downloading 160.4MB
 9c3be1d5f12c Downloading 161.5MB
 9c3be1d5f12c Downloading 161.5MB
 9c3be1d5f12c Downloading 161.5MB
 9c3be1d5f12c Downloading 161.5MB
 9c3be1d5f12c Downloading 161.5MB
 9c3be1d5f12c Downloading 161.5MB
 9c3be1d5f12c Downloading 161.5MB
 9c3be1d5f12c Downloading 161.5MB
 9c3be1d5f12c Downloading 161.5MB
 9c3be1d5f12c Downloading 161.5MB
 9c3be1d5f12c Downloading 161.5MB
 9c3be1d5f12c Downloading 161.5MB
 9c3be1d5f12c Downloading 161.5MB
 9c3be1d5f12c Downloading 161.5MB
 9c3be1d5f12c Downloading 161.5MB
 9c3be1d5f12c Downloading 161.5MB
 9c3be1d5f12c Downloading 161.5MB
 9c3be1d5f12c Downloading 161.5MB
 9c3be1d5f12c Downloading 161.5MB
 9c3be1d5f12c Downloading 161.5MB
 9c3be1d5f12c Downloading 161.5MB
 9c3be1d5f12c Downloading 161.5MB
 9c3be1d5f12c Downloading 161.5MB
 9c3be1d5f12c Downloading 161.5MB
 9c3be1d5f12c Downloading 161.5MB
 9c3be1d5f12c Downloading 161.5MB
 9c3be1d5f12c Downloading 161.5MB
 9c3be1d5f12c Downloading 161.5MB
 9c3be1d5f12c Downloading 161.5MB
 9c3be1d5f12c Downloading 161.5MB
 9c3be1d5f12c Downloading 161.5MB
 9c3be1d5f12c Downloading 162.5MB
 9c3be1d5f12c Downloading 162.5MB
 9c3be1d5f12c Downloading 162.5MB
 9c3be1d5f12c Downloading 162.5MB
 9c3be1d5f12c Downloading 162.5MB
 9c3be1d5f12c Downloading 162.5MB
 9c3be1d5f12c Downloading 162.5MB
 9c3be1d5f12c Downloading 162.5MB
 9c3be1d5f12c Downloading 162.5MB
 9c3be1d5f12c Downloading 162.5MB
 9c3be1d5f12c Downloading 162.5MB
 9c3be1d5f12c Downloading 162.5MB
 9c3be1d5f12c Downloading 162.5MB
 9c3be1d5f12c Downloading 162.5MB
 9c3be1d5f12c Downloading 162.5MB
 9c3be1d5f12c Downloading 162.5MB
 9c3be1d5f12c Downloading 162.5MB
 9c3be1d5f12c Downloading 162.5MB
 9c3be1d5f12c Downloading 162.5MB
 9c3be1d5f12c Downloading 162.5MB
 9c3be1d5f12c Downloading 162.5MB
 9c3be1d5f12c Downloading 162.5MB
 9c3be1d5f12c Downloading 162.5MB
 9c3be1d5f12c Downloading 162.5MB
 9c3be1d5f12c Downloading 162.5MB
 9c3be1d5f12c Downloading 162.5MB
 9c3be1d5f12c Downloading 162.5MB
 9c3be1d5f12c Downloading 162.5MB
 9c3be1d5f12c Downloading 163.6MB
 9c3be1d5f12c Downloading 163.6MB
 9c3be1d5f12c Downloading 163.6MB
 9c3be1d5f12c Downloading 163.6MB
 9c3be1d5f12c Downloading 163.6MB
 9c3be1d5f12c Downloading 163.6MB
 9c3be1d5f12c Downloading 163.6MB
 9c3be1d5f12c Downloading 163.6MB
 9c3be1d5f12c Downloading 163.6MB
 9c3be1d5f12c Downloading 163.6MB
 9c3be1d5f12c Downloading 163.6MB
 9c3be1d5f12c Downloading 163.6MB
 9c3be1d5f12c Downloading 163.6MB
 9c3be1d5f12c Downloading 163.6MB
 9c3be1d5f12c Downloading 163.6MB
 9c3be1d5f12c Downloading 163.6MB
 9c3be1d5f12c Downloading 163.6MB
 9c3be1d5f12c Downloading 163.6MB
 9c3be1d5f12c Downloading 163.6MB
 9c3be1d5f12c Downloading 163.6MB
 9c3be1d5f12c Downloading 164.6MB
 9c3be1d5f12c Downloading 164.6MB
 9c3be1d5f12c Downloading 164.6MB
 9c3be1d5f12c Downloading 164.6MB
 9c3be1d5f12c Downloading 164.6MB
 9c3be1d5f12c Downloading 164.6MB
 9c3be1d5f12c Downloading 164.6MB
 9c3be1d5f12c Downloading 164.6MB
 9c3be1d5f12c Downloading 164.6MB
 9c3be1d5f12c Downloading 164.6MB
 9c3be1d5f12c Downloading 164.6MB
 9c3be1d5f12c Downloading 164.6MB
 9c3be1d5f12c Downloading 164.6MB
 9c3be1d5f12c Downloading 164.6MB
 9c3be1d5f12c Downloading 164.6MB
 9c3be1d5f12c Downloading 164.6MB
 9c3be1d5f12c Downloading 164.6MB
 9c3be1d5f12c Downloading 164.6MB
 9c3be1d5f12c Downloading 165.7MB
 9c3be1d5f12c Downloading 165.7MB
 9c3be1d5f12c Downloading 165.7MB
 9c3be1d5f12c Downloading 165.7MB
 9c3be1d5f12c Downloading 165.7MB
 9c3be1d5f12c Downloading 165.7MB
 9c3be1d5f12c Downloading 165.7MB
 9c3be1d5f12c Downloading 165.7MB
 9c3be1d5f12c Downloading 165.7MB
 9c3be1d5f12c Downloading 165.7MB
 9c3be1d5f12c Downloading 165.7MB
 9c3be1d5f12c Downloading 165.7MB
 9c3be1d5f12c Downloading 165.7MB
 9c3be1d5f12c Downloading 166.7MB
 9c3be1d5f12c Downloading 166.7MB
 9c3be1d5f12c Downloading 166.7MB
 9c3be1d5f12c Downloading 166.7MB
 9c3be1d5f12c Downloading 166.7MB
 9c3be1d5f12c Downloading 166.7MB
 9c3be1d5f12c Downloading 166.7MB
 9c3be1d5f12c Downloading 166.7MB
 9c3be1d5f12c Downloading 166.7MB
 9c3be1d5f12c Downloading 166.7MB
 9c3be1d5f12c Downloading 166.7MB
 9c3be1d5f12c Downloading 166.7MB
 9c3be1d5f12c Downloading 166.7MB
 9c3be1d5f12c Downloading 166.7MB
 9c3be1d5f12c Downloading 166.7MB
 9c3be1d5f12c Downloading 166.7MB
 9c3be1d5f12c Downloading 166.7MB
 9c3be1d5f12c Downloading 167.8MB
 9c3be1d5f12c Downloading 167.8MB
 9c3be1d5f12c Downloading 167.8MB
 9c3be1d5f12c Downloading 167.8MB
 9c3be1d5f12c Downloading 167.8MB
 9c3be1d5f12c Downloading 167.8MB
 9c3be1d5f12c Downloading 167.8MB
 9c3be1d5f12c Downloading 167.8MB
 9c3be1d5f12c Downloading 167.8MB
 9c3be1d5f12c Downloading 167.8MB
 9c3be1d5f12c Downloading 167.8MB
 9c3be1d5f12c Downloading 167.8MB
 9c3be1d5f12c Downloading 167.8MB
 9c3be1d5f12c Downloading 167.8MB
 9c3be1d5f12c Downloading 167.8MB
 9c3be1d5f12c Downloading 168.8MB
 9c3be1d5f12c Downloading 168.8MB
 9c3be1d5f12c Downloading 168.8MB
 9c3be1d5f12c Downloading 168.8MB
 9c3be1d5f12c Downloading 168.8MB
 9c3be1d5f12c Downloading 168.8MB
 9c3be1d5f12c Downloading 168.8MB
 9c3be1d5f12c Downloading 168.8MB
 9c3be1d5f12c Downloading 168.8MB
 9c3be1d5f12c Downloading 168.8MB
 9c3be1d5f12c Downloading 168.8MB
 9c3be1d5f12c Downloading 168.8MB
 9c3be1d5f12c Downloading 169.9MB
 9c3be1d5f12c Downloading 169.9MB
 9c3be1d5f12c Downloading 169.9MB
 9c3be1d5f12c Downloading 169.9MB
 9c3be1d5f12c Downloading 169.9MB
 9c3be1d5f12c Downloading 169.9MB
 9c3be1d5f12c Downloading 169.9MB
 9c3be1d5f12c Downloading 169.9MB
 9c3be1d5f12c Downloading 169.9MB
 9c3be1d5f12c Downloading 169.9MB
 9c3be1d5f12c Downloading 169.9MB
 9c3be1d5f12c Downloading 169.9MB
 9c3be1d5f12c Downloading 169.9MB
 9c3be1d5f12c Downloading 170.9MB
 9c3be1d5f12c Downloading 170.9MB
 9c3be1d5f12c Downloading 170.9MB
 9c3be1d5f12c Downloading 170.9MB
 9c3be1d5f12c Downloading 170.9MB
 9c3be1d5f12c Downloading 170.9MB
 9c3be1d5f12c Downloading 170.9MB
 9c3be1d5f12c Downloading 170.9MB
 9c3be1d5f12c Downloading 170.9MB
 9c3be1d5f12c Downloading 170.9MB
 9c3be1d5f12c Downloading 170.9MB
 9c3be1d5f12c Downloading 170.9MB
 9c3be1d5f12c Downloading 170.9MB
 9c3be1d5f12c Downloading 170.9MB
 9c3be1d5f12c Downloading 170.9MB
 9c3be1d5f12c Downloading 170.9MB
 9c3be1d5f12c Downloading 172MB
 9c3be1d5f12c Downloading 172MB
 9c3be1d5f12c Downloading 172MB
 9c3be1d5f12c Downloading 172MB
 9c3be1d5f12c Downloading 172MB
 9c3be1d5f12c Downloading 172MB
 9c3be1d5f12c Downloading 172MB
 9c3be1d5f12c Downloading 172MB
 9c3be1d5f12c Downloading 172MB
 9c3be1d5f12c Downloading 172MB
 9c3be1d5f12c Downloading 172MB
 9c3be1d5f12c Downloading 172MB
 9c3be1d5f12c Downloading 172MB
 9c3be1d5f12c Downloading 172MB
 9c3be1d5f12c Downloading 172MB
 9c3be1d5f12c Downloading 172MB
 9c3be1d5f12c Downloading 173MB
 9c3be1d5f12c Downloading 173MB
 9c3be1d5f12c Downloading 173MB
 9c3be1d5f12c Downloading 173MB
 9c3be1d5f12c Downloading 173MB
 9c3be1d5f12c Downloading 173MB
 9c3be1d5f12c Downloading 173MB
 9c3be1d5f12c Downloading 173MB
 9c3be1d5f12c Downloading 173MB
 9c3be1d5f12c Downloading 173MB
 9c3be1d5f12c Downloading 173MB
 9c3be1d5f12c Downloading 173MB
 9c3be1d5f12c Downloading 174.1MB
 9c3be1d5f12c Downloading 174.1MB
 9c3be1d5f12c Downloading 174.1MB
 9c3be1d5f12c Downloading 174.1MB
 9c3be1d5f12c Downloading 174.1MB
 9c3be1d5f12c Downloading 174.1MB
 9c3be1d5f12c Downloading 174.1MB
 9c3be1d5f12c Downloading 174.1MB
 9c3be1d5f12c Downloading 174.1MB
 9c3be1d5f12c Downloading 174.1MB
 9c3be1d5f12c Downloading 174.1MB
 9c3be1d5f12c Downloading 174.1MB
 9c3be1d5f12c Downloading 175.1MB
 9c3be1d5f12c Downloading 175.1MB
 9c3be1d5f12c Downloading 175.1MB
 9c3be1d5f12c Downloading 175.1MB
 9c3be1d5f12c Downloading 175.1MB
 9c3be1d5f12c Downloading 175.1MB
 9c3be1d5f12c Downloading 175.1MB
 9c3be1d5f12c Downloading 175.1MB
 9c3be1d5f12c Downloading 175.1MB
 9c3be1d5f12c Downloading 175.1MB
 9c3be1d5f12c Downloading 176.2MB
 9c3be1d5f12c Downloading 176.2MB
 9c3be1d5f12c Downloading 176.2MB
 9c3be1d5f12c Downloading 176.2MB
 9c3be1d5f12c Downloading 176.2MB
 9c3be1d5f12c Downloading 176.2MB
 9c3be1d5f12c Downloading 176.2MB
 9c3be1d5f12c Downloading 176.2MB
 9c3be1d5f12c Downloading 177.2MB
 9c3be1d5f12c Downloading 177.2MB
 9c3be1d5f12c Downloading 177.2MB
 9c3be1d5f12c Downloading 177.2MB
 9c3be1d5f12c Downloading 177.2MB
 9c3be1d5f12c Downloading 177.2MB
 9c3be1d5f12c Downloading 177.2MB
 9c3be1d5f12c Downloading 177.2MB
 9c3be1d5f12c Downloading 177.2MB
 9c3be1d5f12c Downloading 178.3MB
 9c3be1d5f12c Downloading 178.3MB
 9c3be1d5f12c Downloading 178.3MB
 9c3be1d5f12c Downloading 178.3MB
 9c3be1d5f12c Downloading 178.3MB
 9c3be1d5f12c Downloading 178.3MB
 9c3be1d5f12c Downloading 178.3MB
 9c3be1d5f12c Downloading 178.3MB
 9c3be1d5f12c Downloading 179.3MB
 9c3be1d5f12c Downloading 179.3MB
 9c3be1d5f12c Downloading 179.3MB
 9c3be1d5f12c Downloading 179.3MB
 9c3be1d5f12c Downloading 179.3MB
 9c3be1d5f12c Downloading 179.3MB
 9c3be1d5f12c Downloading 179.3MB
 9c3be1d5f12c Downloading 180.4MB
 9c3be1d5f12c Downloading 180.4MB
 9c3be1d5f12c Downloading 180.4MB
 9c3be1d5f12c Downloading 180.4MB
 9c3be1d5f12c Downloading 180.4MB
 9c3be1d5f12c Downloading 180.4MB
 9c3be1d5f12c Downloading 180.4MB
 9c3be1d5f12c Downloading 180.4MB
 9c3be1d5f12c Downloading 181.4MB
 9c3be1d5f12c Downloading 181.4MB
 9c3be1d5f12c Downloading 181.4MB
 9c3be1d5f12c Downloading 181.4MB
 9c3be1d5f12c Downloading 181.4MB
 9c3be1d5f12c Downloading 181.4MB
 9c3be1d5f12c Downloading 181.4MB
 9c3be1d5f12c Downloading 182.5MB
 9c3be1d5f12c Downloading 182.5MB
 9c3be1d5f12c Downloading 182.5MB
 9c3be1d5f12c Downloading 182.5MB
 9c3be1d5f12c Downloading 182.5MB
 9c3be1d5f12c Downloading 182.5MB
 9c3be1d5f12c Downloading 182.5MB
 9c3be1d5f12c Downloading 182.5MB
 9c3be1d5f12c Downloading 183.5MB
 9c3be1d5f12c Downloading 183.5MB
 9c3be1d5f12c Downloading 183.5MB
 9c3be1d5f12c Downloading 183.5MB
 9c3be1d5f12c Downloading 183.5MB
 9c3be1d5f12c Downloading 183.5MB
 9c3be1d5f12c Downloading 183.5MB
 9c3be1d5f12c Downloading 183.5MB
 9c3be1d5f12c Downloading 184.5MB
 9c3be1d5f12c Downloading 184.5MB
 9c3be1d5f12c Downloading 184.5MB
 9c3be1d5f12c Downloading 184.5MB
 9c3be1d5f12c Downloading 184.5MB
 9c3be1d5f12c Downloading 184.5MB
 9c3be1d5f12c Downloading 184.5MB
 9c3be1d5f12c Downloading 184.5MB
 9c3be1d5f12c Downloading 184.5MB
 9c3be1d5f12c Downloading 185.6MB
 9c3be1d5f12c Downloading 185.6MB
 9c3be1d5f12c Downloading 185.6MB
 9c3be1d5f12c Downloading 185.6MB
 9c3be1d5f12c Downloading 185.6MB
 9c3be1d5f12c Downloading 185.6MB
 9c3be1d5f12c Downloading 185.6MB
 9c3be1d5f12c Downloading 185.6MB
 9c3be1d5f12c Downloading 185.6MB
 9c3be1d5f12c Downloading 186.6MB
 9c3be1d5f12c Downloading 186.6MB
 9c3be1d5f12c Downloading 186.6MB
 9c3be1d5f12c Downloading 186.6MB
 9c3be1d5f12c Downloading 186.6MB
 9c3be1d5f12c Downloading 186.6MB
 9c3be1d5f12c Downloading 186.6MB
 9c3be1d5f12c Downloading 186.6MB
 9c3be1d5f12c Downloading 187.7MB
 9c3be1d5f12c Downloading 187.7MB
 9c3be1d5f12c Downloading 187.7MB
 9c3be1d5f12c Downloading 187.7MB
 9c3be1d5f12c Downloading 187.7MB
 9c3be1d5f12c Downloading 187.7MB
 9c3be1d5f12c Downloading 187.7MB
 9c3be1d5f12c Downloading 187.7MB
 9c3be1d5f12c Downloading 187.7MB
 9c3be1d5f12c Downloading 188.7MB
 9c3be1d5f12c Downloading 188.7MB
 9c3be1d5f12c Downloading 188.7MB
 9c3be1d5f12c Downloading 188.7MB
 9c3be1d5f12c Downloading 188.7MB
 9c3be1d5f12c Downloading 188.7MB
 9c3be1d5f12c Downloading 188.7MB
 9c3be1d5f12c Downloading 189.8MB
 9c3be1d5f12c Downloading 189.8MB
 9c3be1d5f12c Downloading 189.8MB
 9c3be1d5f12c Downloading 189.8MB
 9c3be1d5f12c Downloading 189.8MB
 9c3be1d5f12c Downloading 189.8MB
 9c3be1d5f12c Downloading 190.8MB
 9c3be1d5f12c Downloading 190.8MB
 9c3be1d5f12c Downloading 190.8MB
 9c3be1d5f12c Downloading 190.8MB
 9c3be1d5f12c Downloading 190.8MB
 9c3be1d5f12c Downloading 190.8MB
 9c3be1d5f12c Downloading 190.8MB
 9c3be1d5f12c Downloading 190.8MB
 9c3be1d5f12c Downloading 190.8MB
 9c3be1d5f12c Downloading 191.9MB
 9c3be1d5f12c Downloading 191.9MB
 9c3be1d5f12c Downloading 191.9MB
 9c3be1d5f12c Downloading 191.9MB
 9c3be1d5f12c Downloading 191.9MB
 9c3be1d5f12c Downloading 191.9MB
 9c3be1d5f12c Downloading 191.9MB
 9c3be1d5f12c Downloading 191.9MB
 9c3be1d5f12c Downloading 191.9MB
 9c3be1d5f12c Downloading 191.9MB
 9c3be1d5f12c Downloading 191.9MB
 9c3be1d5f12c Downloading 191.9MB
 9c3be1d5f12c Downloading 192.9MB
 9c3be1d5f12c Downloading 192.9MB
 9c3be1d5f12c Downloading 192.9MB
 9c3be1d5f12c Downloading 192.9MB
 9c3be1d5f12c Downloading 192.9MB
 9c3be1d5f12c Downloading 192.9MB
 9c3be1d5f12c Downloading 192.9MB
 9c3be1d5f12c Downloading 192.9MB
 9c3be1d5f12c Downloading 192.9MB
 9c3be1d5f12c Downloading 192.9MB
 9c3be1d5f12c Downloading 192.9MB
 9c3be1d5f12c Downloading 194MB
 9c3be1d5f12c Downloading 194MB
 9c3be1d5f12c Downloading 194MB
 9c3be1d5f12c Downloading 194MB
 9c3be1d5f12c Downloading 194MB
 9c3be1d5f12c Downloading 194MB
 9c3be1d5f12c Downloading 194MB
 9c3be1d5f12c Downloading 194MB
 9c3be1d5f12c Downloading 194MB
 9c3be1d5f12c Downloading 195MB
 9c3be1d5f12c Downloading 195MB
 9c3be1d5f12c Downloading 195MB
 9c3be1d5f12c Downloading 195MB
 9c3be1d5f12c Downloading 195MB
 9c3be1d5f12c Downloading 195MB
 9c3be1d5f12c Downloading 195MB
 9c3be1d5f12c Downloading 195MB
 9c3be1d5f12c Downloading 196.1MB
 9c3be1d5f12c Downloading 196.1MB
 9c3be1d5f12c Downloading 196.1MB
 9c3be1d5f12c Downloading 196.1MB
 9c3be1d5f12c Downloading 196.1MB
 9c3be1d5f12c Downloading 196.1MB
 9c3be1d5f12c Downloading 196.1MB
 9c3be1d5f12c Downloading 196.1MB
 9c3be1d5f12c Downloading 196.1MB
 9c3be1d5f12c Downloading 196.1MB
 9c3be1d5f12c Downloading 196.1MB
 9c3be1d5f12c Downloading 197.1MB
 9c3be1d5f12c Downloading 197.1MB
 9c3be1d5f12c Downloading 197.1MB
 9c3be1d5f12c Downloading 197.1MB
 9c3be1d5f12c Downloading 197.1MB
 9c3be1d5f12c Downloading 197.1MB
 9c3be1d5f12c Downloading 197.1MB
 9c3be1d5f12c Downloading 197.1MB
 9c3be1d5f12c Downloading 197.1MB
 9c3be1d5f12c Downloading 197.1MB
 9c3be1d5f12c Downloading 197.1MB
 9c3be1d5f12c Downloading 197.1MB
 9c3be1d5f12c Downloading 197.1MB
 9c3be1d5f12c Downloading 197.1MB
 9c3be1d5f12c Downloading 198.2MB
 9c3be1d5f12c Downloading 198.2MB
 9c3be1d5f12c Downloading 198.2MB
 9c3be1d5f12c Downloading 198.2MB
 9c3be1d5f12c Downloading 198.2MB
 9c3be1d5f12c Downloading 198.2MB
 9c3be1d5f12c Downloading 198.2MB
 9c3be1d5f12c Downloading 198.2MB
 9c3be1d5f12c Downloading 198.2MB
 9c3be1d5f12c Downloading 198.2MB
 9c3be1d5f12c Downloading 198.2MB
 9c3be1d5f12c Downloading 198.2MB
 9c3be1d5f12c Downloading 199.2MB
 9c3be1d5f12c Downloading 199.2MB
 9c3be1d5f12c Downloading 199.2MB
 9c3be1d5f12c Downloading 199.2MB
 9c3be1d5f12c Downloading 199.2MB
 9c3be1d5f12c Downloading 199.2MB
 9c3be1d5f12c Downloading 199.2MB
 9c3be1d5f12c Downloading 199.2MB
 9c3be1d5f12c Downloading 199.2MB
 9c3be1d5f12c Downloading 200.3MB
 9c3be1d5f12c Downloading 200.3MB
 9c3be1d5f12c Downloading 200.3MB
 9c3be1d5f12c Downloading 200.3MB
 9c3be1d5f12c Downloading 200.3MB
 9c3be1d5f12c Downloading 200.3MB
 9c3be1d5f12c Downloading 200.3MB
 9c3be1d5f12c Downloading 200.3MB
 9c3be1d5f12c Downloading 200.3MB
 9c3be1d5f12c Downloading 200.3MB
 9c3be1d5f12c Downloading 201.3MB
 9c3be1d5f12c Downloading 201.3MB
 9c3be1d5f12c Downloading 201.3MB
 9c3be1d5f12c Downloading 201.3MB
 9c3be1d5f12c Downloading 201.3MB
 9c3be1d5f12c Downloading 201.3MB
 9c3be1d5f12c Downloading 201.3MB
 9c3be1d5f12c Downloading 202.4MB
 9c3be1d5f12c Downloading 202.4MB
 9c3be1d5f12c Downloading 202.4MB
 9c3be1d5f12c Downloading 202.4MB
 9c3be1d5f12c Downloading 202.4MB
 9c3be1d5f12c Downloading 202.4MB
 9c3be1d5f12c Downloading 202.4MB
 9c3be1d5f12c Downloading 203.4MB
 9c3be1d5f12c Downloading 203.4MB
 9c3be1d5f12c Downloading 203.4MB
 9c3be1d5f12c Downloading 203.4MB
 9c3be1d5f12c Downloading 203.4MB
 9c3be1d5f12c Downloading 203.4MB
 9c3be1d5f12c Downloading 203.4MB
 9c3be1d5f12c Downloading 204.5MB
 9c3be1d5f12c Downloading 204.5MB
 9c3be1d5f12c Downloading 204.5MB
 9c3be1d5f12c Downloading 204.5MB
 9c3be1d5f12c Downloading 204.5MB
 9c3be1d5f12c Downloading 204.5MB
 9c3be1d5f12c Downloading 205.5MB
 9c3be1d5f12c Downloading 205.5MB
 9c3be1d5f12c Downloading 205.5MB
 9c3be1d5f12c Downloading 205.5MB
 9c3be1d5f12c Downloading 205.5MB
 9c3be1d5f12c Downloading 206.6MB
 9c3be1d5f12c Downloading 206.6MB
 9c3be1d5f12c Downloading 206.6MB
 9c3be1d5f12c Downloading 206.6MB
 9c3be1d5f12c Downloading 206.6MB
 9c3be1d5f12c Downloading 207.6MB
 9c3be1d5f12c Downloading 207.6MB
 9c3be1d5f12c Downloading 207.6MB
 9c3be1d5f12c Downloading 207.6MB
 9c3be1d5f12c Downloading 207.6MB
 9c3be1d5f12c Downloading 208.7MB
 9c3be1d5f12c Downloading 208.7MB
 9c3be1d5f12c Downloading 208.7MB
 9c3be1d5f12c Downloading 208.7MB
 9c3be1d5f12c Downloading 208.7MB
 9c3be1d5f12c Downloading 209.7MB
 9c3be1d5f12c Downloading 209.7MB
 9c3be1d5f12c Downloading 209.7MB
 9c3be1d5f12c Downloading 209.7MB
 9c3be1d5f12c Downloading 209.7MB
 9c3be1d5f12c Downloading 210.8MB
 9c3be1d5f12c Downloading 210.8MB
 9c3be1d5f12c Downloading 210.8MB
 9c3be1d5f12c Downloading 210.8MB
 9c3be1d5f12c Downloading 211.8MB
 9c3be1d5f12c Downloading 211.8MB
 9c3be1d5f12c Downloading 211.8MB
 9c3be1d5f12c Downloading 211.8MB
 9c3be1d5f12c Downloading 212.9MB
 9c3be1d5f12c Downloading 212.9MB
 9c3be1d5f12c Downloading 212.9MB
 9c3be1d5f12c Downloading 212.9MB
 9c3be1d5f12c Downloading 213.9MB
 9c3be1d5f12c Downloading 213.9MB
 9c3be1d5f12c Downloading 213.9MB
 9c3be1d5f12c Downloading 215MB
 9c3be1d5f12c Downloading 215MB
 9c3be1d5f12c Downloading 215MB
 9c3be1d5f12c Downloading 215MB
 9c3be1d5f12c Downloading 216MB
 9c3be1d5f12c Downloading 216MB
 9c3be1d5f12c Downloading 216MB
 9c3be1d5f12c Downloading 217.1MB
 9c3be1d5f12c Downloading 217.1MB
 9c3be1d5f12c Downloading 217.1MB
 9c3be1d5f12c Downloading 217.1MB
 9c3be1d5f12c Downloading 218.1MB
 9c3be1d5f12c Downloading 218.1MB
 9c3be1d5f12c Downloading 218.1MB
 9c3be1d5f12c Downloading 218.1MB
 9c3be1d5f12c Downloading 219.2MB
 9c3be1d5f12c Downloading 219.2MB
 9c3be1d5f12c Downloading 219.2MB
 9c3be1d5f12c Downloading 220.2MB
 9c3be1d5f12c Downloading 220.2MB
 9c3be1d5f12c Downloading 220.2MB
 9c3be1d5f12c Downloading 221.2MB
 9c3be1d5f12c Downloading 221.2MB
 9c3be1d5f12c Downloading 221.2MB
 9c3be1d5f12c Downloading 222.3MB
 9c3be1d5f12c Downloading 222.3MB
 9c3be1d5f12c Downloading 222.3MB
 9c3be1d5f12c Downloading 223.3MB
 9c3be1d5f12c Downloading 223.3MB
 9c3be1d5f12c Downloading 223.3MB
 9c3be1d5f12c Downloading 224.4MB
 9c3be1d5f12c Downloading 224.4MB
 9c3be1d5f12c Downloading 224.4MB
 9c3be1d5f12c Downloading 225.4MB
 9c3be1d5f12c Downloading 225.4MB
 9c3be1d5f12c Downloading 225.4MB
 9c3be1d5f12c Downloading 226.5MB
 9c3be1d5f12c Downloading 226.5MB
 9c3be1d5f12c Downloading 226.5MB
 9c3be1d5f12c Downloading 226.5MB
 9c3be1d5f12c Downloading 227.5MB
 9c3be1d5f12c Downloading 227.5MB
 9c3be1d5f12c Downloading 227.5MB
 9c3be1d5f12c Downloading 227.5MB
 9c3be1d5f12c Downloading 228.6MB
 9c3be1d5f12c Downloading 228.6MB
 9c3be1d5f12c Downloading 228.6MB
 9c3be1d5f12c Downloading 229.6MB
 9c3be1d5f12c Downloading 229.6MB
 9c3be1d5f12c Downloading 229.6MB
 9c3be1d5f12c Downloading 229.6MB
 9c3be1d5f12c Downloading 230.7MB
 9c3be1d5f12c Downloading 230.7MB
 9c3be1d5f12c Downloading 230.7MB
 9c3be1d5f12c Downloading 230.7MB
 9c3be1d5f12c Downloading 231.7MB
 9c3be1d5f12c Downloading 231.7MB
 9c3be1d5f12c Downloading 231.7MB
 9c3be1d5f12c Downloading 232.8MB
 9c3be1d5f12c Downloading 232.8MB
 9c3be1d5f12c Downloading 232.8MB
 9c3be1d5f12c Downloading 233.8MB
 9c3be1d5f12c Downloading 233.8MB
 9c3be1d5f12c Downloading 233.8MB
 9c3be1d5f12c Downloading 234.9MB
 9c3be1d5f12c Downloading 234.9MB
 9c3be1d5f12c Downloading 234.9MB
 9c3be1d5f12c Downloading 235.9MB
 9c3be1d5f12c Downloading 235.9MB
 9c3be1d5f12c Downloading 235.9MB
 9c3be1d5f12c Downloading 235.9MB
 9c3be1d5f12c Downloading 237MB
 9c3be1d5f12c Downloading 237MB
 9c3be1d5f12c Downloading 237MB
 9c3be1d5f12c Downloading 238MB
 9c3be1d5f12c Downloading 238MB
 9c3be1d5f12c Downloading 238MB
 9c3be1d5f12c Downloading 239.1MB
 9c3be1d5f12c Downloading 239.1MB
 9c3be1d5f12c Downloading 239.1MB
 9c3be1d5f12c Downloading 240.1MB
 9c3be1d5f12c Downloading 240.1MB
 9c3be1d5f12c Downloading 240.1MB
 9c3be1d5f12c Downloading 241.2MB
 9c3be1d5f12c Downloading 241.2MB
 9c3be1d5f12c Downloading 241.2MB
 9c3be1d5f12c Downloading 242.2MB
 9c3be1d5f12c Downloading 242.2MB
 9c3be1d5f12c Downloading 242.2MB
 9c3be1d5f12c Downloading 243.3MB
 9c3be1d5f12c Downloading 243.3MB
 9c3be1d5f12c Downloading 243.3MB
 9c3be1d5f12c Downloading 243.3MB
 9c3be1d5f12c Downloading 244.3MB
 9c3be1d5f12c Downloading 244.3MB
 9c3be1d5f12c Downloading 244.3MB
 9c3be1d5f12c Downloading 244.3MB
 9c3be1d5f12c Downloading 245.4MB
 9c3be1d5f12c Downloading 245.4MB
 9c3be1d5f12c Downloading 245.4MB
 9c3be1d5f12c Downloading 246.4MB
 9c3be1d5f12c Downloading 246.4MB
 9c3be1d5f12c Downloading 246.4MB
 9c3be1d5f12c Downloading 246.4MB
 9c3be1d5f12c Downloading 247.5MB
 9c3be1d5f12c Downloading 247.5MB
 9c3be1d5f12c Downloading 247.5MB
 9c3be1d5f12c Downloading 248.5MB
 9c3be1d5f12c Downloading 248.5MB
 9c3be1d5f12c Downloading 248.5MB
 9c3be1d5f12c Downloading 248.5MB
 9c3be1d5f12c Downloading 249.6MB
 9c3be1d5f12c Downloading 249.6MB
 9c3be1d5f12c Downloading 249.6MB
 9c3be1d5f12c Downloading 250.6MB
 9c3be1d5f12c Downloading 250.6MB
 9c3be1d5f12c Downloading 250.6MB
 9c3be1d5f12c Downloading 250.6MB
 9c3be1d5f12c Downloading 251.7MB
 9c3be1d5f12c Downloading 251.7MB
 9c3be1d5f12c Downloading 251.7MB
 9c3be1d5f12c Downloading 251.7MB
 9c3be1d5f12c Downloading 252.7MB
 9c3be1d5f12c Downloading 252.7MB
 9c3be1d5f12c Downloading 252.7MB
 9c3be1d5f12c Downloading 252.7MB
 9c3be1d5f12c Downloading 252.7MB
 9c3be1d5f12c Downloading 252.7MB
 9c3be1d5f12c Downloading 252.7MB
 9c3be1d5f12c Downloading 252.7MB
 9c3be1d5f12c Downloading 252.7MB
 9c3be1d5f12c Downloading 252.7MB
 9c3be1d5f12c Downloading 252.7MB
 9c3be1d5f12c Downloading 252.7MB
 9c3be1d5f12c Downloading 253.8MB
 9c3be1d5f12c Downloading 253.8MB
 9c3be1d5f12c Downloading 253.8MB
 9c3be1d5f12c Downloading 253.8MB
 9c3be1d5f12c Downloading 253.8MB
 9c3be1d5f12c Downloading 253.8MB
 9c3be1d5f12c Downloading 253.8MB
 9c3be1d5f12c Downloading 253.8MB
 9c3be1d5f12c Downloading 253.8MB
 9c3be1d5f12c Downloading 253.8MB
 9c3be1d5f12c Downloading 253.8MB
 9c3be1d5f12c Downloading 254.8MB
 9c3be1d5f12c Downloading 254.8MB
 9c3be1d5f12c Downloading 254.8MB
 9c3be1d5f12c Downloading 254.8MB
 9c3be1d5f12c Downloading 254.8MB
 9c3be1d5f12c Downloading 254.8MB
 9c3be1d5f12c Downloading 254.8MB
 9c3be1d5f12c Downloading 254.8MB
 9c3be1d5f12c Downloading 254.8MB
 9c3be1d5f12c Downloading 255.9MB
 9c3be1d5f12c Downloading 255.9MB
 9c3be1d5f12c Downloading 255.9MB
 9c3be1d5f12c Downloading 255.9MB
 9c3be1d5f12c Downloading 255.9MB
 9c3be1d5f12c Downloading 255.9MB
 9c3be1d5f12c Downloading 255.9MB
 9c3be1d5f12c Downloading 256.9MB
 9c3be1d5f12c Downloading 256.9MB
 9c3be1d5f12c Downloading 256.9MB
 9c3be1d5f12c Downloading 256.9MB
 9c3be1d5f12c Downloading 256.9MB
 9c3be1d5f12c Downloading 256.9MB
 9c3be1d5f12c Downloading 257.9MB
 9c3be1d5f12c Downloading 257.9MB
 9c3be1d5f12c Downloading 257.9MB
 9c3be1d5f12c Downloading 257.9MB
 9c3be1d5f12c Downloading 257.9MB
 9c3be1d5f12c Downloading 257.9MB
 9c3be1d5f12c Downloading 257.9MB
 9c3be1d5f12c Downloading 257.9MB
 9c3be1d5f12c Downloading 259MB
 9c3be1d5f12c Downloading 259MB
 9c3be1d5f12c Downloading 259MB
 9c3be1d5f12c Downloading 259MB
 9c3be1d5f12c Downloading 259MB
 9c3be1d5f12c Downloading 260MB
 9c3be1d5f12c Downloading 260MB
 9c3be1d5f12c Downloading 260MB
 9c3be1d5f12c Downloading 260MB
 9c3be1d5f12c Downloading 260MB
 9c3be1d5f12c Downloading 261.1MB
 9c3be1d5f12c Downloading 261.1MB
 9c3be1d5f12c Downloading 261.1MB
 9c3be1d5f12c Downloading 261.1MB
 9c3be1d5f12c Downloading 261.1MB
 9c3be1d5f12c Downloading 262.1MB
 9c3be1d5f12c Downloading 262.1MB
 9c3be1d5f12c Downloading 262.1MB
 9c3be1d5f12c Downloading 262.1MB
 9c3be1d5f12c Downloading 262.1MB
 9c3be1d5f12c Downloading 263.2MB
 9c3be1d5f12c Downloading 263.2MB
 9c3be1d5f12c Downloading 263.2MB
 9c3be1d5f12c Downloading 263.2MB
 9c3be1d5f12c Downloading 263.2MB
 9c3be1d5f12c Downloading 263.2MB
 9c3be1d5f12c Downloading 263.2MB
 9c3be1d5f12c Downloading 264.2MB
 9c3be1d5f12c Downloading 264.2MB
 9c3be1d5f12c Downloading 264.2MB
 9c3be1d5f12c Downloading 264.2MB
 9c3be1d5f12c Downloading 264.2MB
 9c3be1d5f12c Downloading 264.2MB
 9c3be1d5f12c Downloading 265.3MB
 9c3be1d5f12c Downloading 265.3MB
 9c3be1d5f12c Downloading 265.3MB
 9c3be1d5f12c Downloading 265.3MB
 9c3be1d5f12c Downloading 265.3MB
 9c3be1d5f12c Downloading 265.3MB
 9c3be1d5f12c Downloading 266.3MB
 9c3be1d5f12c Downloading 266.3MB
 9c3be1d5f12c Downloading 266.3MB
 9c3be1d5f12c Downloading 266.3MB
 9c3be1d5f12c Downloading 266.3MB
 9c3be1d5f12c Downloading 267.4MB
 9c3be1d5f12c Downloading 267.4MB
 9c3be1d5f12c Downloading 267.4MB
 9c3be1d5f12c Downloading 267.4MB
 9c3be1d5f12c Downloading 267.4MB
 9c3be1d5f12c Downloading 268.4MB
 9c3be1d5f12c Downloading 268.4MB
 9c3be1d5f12c Downloading 268.4MB
 9c3be1d5f12c Downloading 268.4MB
 9c3be1d5f12c Downloading 268.4MB
 9c3be1d5f12c Downloading 269.5MB
 9c3be1d5f12c Downloading 269.5MB
 9c3be1d5f12c Downloading 269.5MB
 9c3be1d5f12c Downloading 269.5MB
 9c3be1d5f12c Downloading 269.5MB
 9c3be1d5f12c Downloading 270.5MB
 9c3be1d5f12c Downloading 270.5MB
 9c3be1d5f12c Downloading 270.5MB
 9c3be1d5f12c Downloading 270.5MB
 9c3be1d5f12c Downloading 270.5MB
 9c3be1d5f12c Downloading 271.6MB
 9c3be1d5f12c Downloading 271.6MB
 9c3be1d5f12c Downloading 271.6MB
 9c3be1d5f12c Downloading 271.6MB
 9c3be1d5f12c Downloading 271.6MB
 9c3be1d5f12c Downloading 271.6MB
 9c3be1d5f12c Downloading 272.6MB
 9c3be1d5f12c Downloading 272.6MB
 9c3be1d5f12c Downloading 272.6MB
 9c3be1d5f12c Downloading 272.6MB
 9c3be1d5f12c Downloading 273.7MB
 9c3be1d5f12c Downloading 273.7MB
 9c3be1d5f12c Downloading 273.7MB
 9c3be1d5f12c Downloading 273.7MB
 9c3be1d5f12c Downloading 273.7MB
 9c3be1d5f12c Downloading 274.7MB
 9c3be1d5f12c Downloading 274.7MB
 9c3be1d5f12c Downloading 274.7MB
 9c3be1d5f12c Downloading 274.7MB
 9c3be1d5f12c Downloading 274.7MB
 9c3be1d5f12c Downloading 275.8MB
 9c3be1d5f12c Downloading 275.8MB
 9c3be1d5f12c Downloading 275.8MB
 9c3be1d5f12c Downloading 275.8MB
 9c3be1d5f12c Downloading 275.8MB
 9c3be1d5f12c Downloading 275.8MB
 9c3be1d5f12c Downloading 276.8MB
 9c3be1d5f12c Downloading 276.8MB
 9c3be1d5f12c Downloading 276.8MB
 9c3be1d5f12c Downloading 276.8MB
 9c3be1d5f12c Downloading 277.9MB
 9c3be1d5f12c Downloading 277.9MB
 9c3be1d5f12c Downloading 277.9MB
 9c3be1d5f12c Downloading 277.9MB
 9c3be1d5f12c Downloading 277.9MB
 9c3be1d5f12c Downloading 278.9MB
 9c3be1d5f12c Downloading 278.9MB
 9c3be1d5f12c Downloading 278.9MB
 9c3be1d5f12c Downloading 278.9MB
 9c3be1d5f12c Downloading 278.9MB
 9c3be1d5f12c Downloading 278.9MB
 9c3be1d5f12c Downloading 280MB
 9c3be1d5f12c Downloading 280MB
 9c3be1d5f12c Downloading 280MB
 9c3be1d5f12c Downloading 280MB
 9c3be1d5f12c Downloading 280MB
 9c3be1d5f12c Downloading 280MB
 9c3be1d5f12c Downloading 281MB
 9c3be1d5f12c Downloading 281MB
 9c3be1d5f12c Downloading 281MB
 9c3be1d5f12c Downloading 281MB
 9c3be1d5f12c Downloading 281MB
 9c3be1d5f12c Downloading 281MB
 9c3be1d5f12c Downloading 281MB
 9c3be1d5f12c Downloading 282.1MB
 9c3be1d5f12c Downloading 282.1MB
 9c3be1d5f12c Downloading 282.1MB
 9c3be1d5f12c Downloading 282.1MB
 9c3be1d5f12c Downloading 283.1MB
 9c3be1d5f12c Downloading 283.1MB
 9c3be1d5f12c Downloading 283.1MB
 9c3be1d5f12c Downloading 283.1MB
 9c3be1d5f12c Downloading 283.1MB
 9c3be1d5f12c Downloading 283.1MB
 9c3be1d5f12c Downloading 284.2MB
 9c3be1d5f12c Downloading 284.2MB
 9c3be1d5f12c Downloading 284.2MB
 9c3be1d5f12c Downloading 284.2MB
 9c3be1d5f12c Downloading 284.2MB
 9c3be1d5f12c Downloading 285.2MB
 9c3be1d5f12c Downloading 285.2MB
 9c3be1d5f12c Downloading 285.2MB
 9c3be1d5f12c Downloading 285.2MB
 9c3be1d5f12c Downloading 285.2MB
 9c3be1d5f12c Downloading 285.2MB
 9c3be1d5f12c Downloading 286.3MB
 9c3be1d5f12c Downloading 286.3MB
 9c3be1d5f12c Downloading 286.3MB
 9c3be1d5f12c Downloading 286.3MB
 9c3be1d5f12c Downloading 287.3MB
 9c3be1d5f12c Downloading 287.3MB
 9c3be1d5f12c Downloading 287.3MB
 9c3be1d5f12c Downloading 287.3MB
 9c3be1d5f12c Downloading 288.4MB
 9c3be1d5f12c Downloading 288.4MB
 9c3be1d5f12c Downloading 288.4MB
 9c3be1d5f12c Downloading 289.4MB
 9c3be1d5f12c Downloading 289.4MB
 9c3be1d5f12c Downloading 289.4MB
 9c3be1d5f12c Downloading 289.4MB
 9c3be1d5f12c Downloading 290.5MB
 9c3be1d5f12c Downloading 290.5MB
 9c3be1d5f12c Downloading 290.5MB
 9c3be1d5f12c Downloading 290.5MB
 9c3be1d5f12c Downloading 291.5MB
 9c3be1d5f12c Downloading 291.5MB
 9c3be1d5f12c Downloading 291.5MB
 9c3be1d5f12c Downloading 292.6MB
 9c3be1d5f12c Downloading 292.6MB
 9c3be1d5f12c Downloading 292.6MB
 9c3be1d5f12c Downloading 292.6MB
 9c3be1d5f12c Downloading 292.6MB
 9c3be1d5f12c Downloading 293.6MB
 9c3be1d5f12c Downloading 293.6MB
 9c3be1d5f12c Downloading 293.6MB
 9c3be1d5f12c Downloading 293.6MB
 9c3be1d5f12c Downloading 294.6MB
 9c3be1d5f12c Downloading 294.6MB
 9c3be1d5f12c Downloading 294.6MB
 9c3be1d5f12c Downloading 294.6MB
 9c3be1d5f12c Downloading 295.7MB
 9c3be1d5f12c Downloading 295.7MB
 9c3be1d5f12c Downloading 295.7MB
 9c3be1d5f12c Downloading 295.7MB
 9c3be1d5f12c Downloading 295.7MB
 9c3be1d5f12c Downloading 296.7MB
 9c3be1d5f12c Downloading 296.7MB
 9c3be1d5f12c Downloading 296.7MB
 9c3be1d5f12c Downloading 296.7MB
 9c3be1d5f12c Downloading 296.7MB
 9c3be1d5f12c Downloading 297.8MB
 9c3be1d5f12c Downloading 297.8MB
 9c3be1d5f12c Downloading 297.8MB
 9c3be1d5f12c Downloading 297.8MB
 9c3be1d5f12c Downloading 297.8MB
 9c3be1d5f12c Downloading 298.8MB
 9c3be1d5f12c Downloading 298.8MB
 9c3be1d5f12c Downloading 298.8MB
 9c3be1d5f12c Downloading 298.8MB
 9c3be1d5f12c Downloading 298.8MB
 9c3be1d5f12c Downloading 299.9MB
 9c3be1d5f12c Downloading 299.9MB
 9c3be1d5f12c Downloading 299.9MB
 9c3be1d5f12c Downloading 299.9MB
 9c3be1d5f12c Downloading 299.9MB
 9c3be1d5f12c Downloading 299.9MB
 9c3be1d5f12c Downloading 299.9MB
 9c3be1d5f12c Downloading 300.9MB
 9c3be1d5f12c Downloading 300.9MB
 9c3be1d5f12c Downloading 300.9MB
 9c3be1d5f12c Downloading 300.9MB
 9c3be1d5f12c Downloading 300.9MB
 9c3be1d5f12c Downloading 300.9MB
 9c3be1d5f12c Downloading 300.9MB
 9c3be1d5f12c Downloading 300.9MB
 9c3be1d5f12c Downloading 300.9MB
 9c3be1d5f12c Downloading 300.9MB
 9c3be1d5f12c Downloading 300.9MB
 9c3be1d5f12c Downloading 302MB
 9c3be1d5f12c Downloading 302MB
 9c3be1d5f12c Downloading 302MB
 9c3be1d5f12c Downloading 302MB
 9c3be1d5f12c Downloading 302MB
 9c3be1d5f12c Downloading 302MB
 9c3be1d5f12c Downloading 302MB
 9c3be1d5f12c Downloading 302MB
 9c3be1d5f12c Downloading 302MB
 9c3be1d5f12c Downloading 302MB
 9c3be1d5f12c Downloading 303MB
 9c3be1d5f12c Downloading 303MB
 9c3be1d5f12c Downloading 303MB
 9c3be1d5f12c Downloading 303MB
 9c3be1d5f12c Downloading 303MB
 9c3be1d5f12c Downloading 303MB
 9c3be1d5f12c Downloading 303MB
 9c3be1d5f12c Downloading 303MB
 9c3be1d5f12c Downloading 303MB
 9c3be1d5f12c Downloading 304.1MB
 9c3be1d5f12c Downloading 304.1MB
 9c3be1d5f12c Downloading 304.1MB
 9c3be1d5f12c Downloading 304.1MB
 9c3be1d5f12c Downloading 304.1MB
 9c3be1d5f12c Downloading 304.1MB
 9c3be1d5f12c Downloading 304.1MB
 9c3be1d5f12c Downloading 304.1MB
 9c3be1d5f12c Downloading 304.1MB
 9c3be1d5f12c Downloading 304.1MB
 9c3be1d5f12c Downloading 304.1MB
 9c3be1d5f12c Downloading 304.1MB
 9c3be1d5f12c Downloading 305.1MB
 9c3be1d5f12c Downloading 305.1MB
 9c3be1d5f12c Downloading 305.1MB
 9c3be1d5f12c Downloading 305.1MB
 9c3be1d5f12c Downloading 305.1MB
 9c3be1d5f12c Downloading 305.1MB
 9c3be1d5f12c Downloading 305.1MB
 9c3be1d5f12c Downloading 305.1MB
 9c3be1d5f12c Downloading 305.1MB
 9c3be1d5f12c Downloading 306.2MB
 9c3be1d5f12c Downloading 306.2MB
 9c3be1d5f12c Downloading 306.2MB
 9c3be1d5f12c Downloading 306.2MB
 9c3be1d5f12c Downloading 306.2MB
 9c3be1d5f12c Downloading 306.2MB
 9c3be1d5f12c Downloading 306.2MB
 9c3be1d5f12c Downloading 306.2MB
 9c3be1d5f12c Downloading 307.2MB
 9c3be1d5f12c Downloading 307.2MB
 9c3be1d5f12c Downloading 307.2MB
 9c3be1d5f12c Downloading 307.2MB
 9c3be1d5f12c Downloading 307.2MB
 9c3be1d5f12c Downloading 307.2MB
 9c3be1d5f12c Downloading 308.3MB
 9c3be1d5f12c Downloading 308.3MB
 9c3be1d5f12c Downloading 308.3MB
 9c3be1d5f12c Downloading 308.3MB
 9c3be1d5f12c Downloading 308.3MB
 9c3be1d5f12c Downloading 308.3MB
 9c3be1d5f12c Downloading 309.3MB
 9c3be1d5f12c Downloading 309.3MB
 9c3be1d5f12c Downloading 309.3MB
 9c3be1d5f12c Downloading 309.3MB
 9c3be1d5f12c Downloading 309.3MB
 9c3be1d5f12c Downloading 309.3MB
 9c3be1d5f12c Downloading 309.3MB
 9c3be1d5f12c Downloading 310.4MB
 9c3be1d5f12c Downloading 310.4MB
 9c3be1d5f12c Downloading 310.4MB
 9c3be1d5f12c Downloading 310.4MB
 9c3be1d5f12c Downloading 311.2MB
 9c3be1d5f12c Download complete 0B
 9c3be1d5f12c Extracting 1B
 9c3be1d5f12c Extracting 1B
 9c3be1d5f12c Extracting 1B
 9c3be1d5f12c Extracting 1B
 9c3be1d5f12c Extracting 1B
 9c3be1d5f12c Extracting 1B
 9c3be1d5f12c Extracting 1B
 9c3be1d5f12c Extracting 1B
 9c3be1d5f12c Extracting 1B
 9c3be1d5f12c Extracting 1B
 9c3be1d5f12c Extracting 1B
 9c3be1d5f12c Extracting 2B
 9c3be1d5f12c Extracting 2B
 9c3be1d5f12c Extracting 2B
 9c3be1d5f12c Extracting 2B
 9c3be1d5f12c Extracting 2B
 9c3be1d5f12c Extracting 2B
 9c3be1d5f12c Extracting 2B
 9c3be1d5f12c Extracting 2B
 9c3be1d5f12c Extracting 2B
 9c3be1d5f12c Extracting 2B
 9c3be1d5f12c Extracting 3B
 9c3be1d5f12c Extracting 3B
 9c3be1d5f12c Extracting 3B
 9c3be1d5f12c Extracting 3B
 9c3be1d5f12c Extracting 3B
 9c3be1d5f12c Extracting 3B
 9c3be1d5f12c Extracting 3B
 9c3be1d5f12c Extracting 3B
 9c3be1d5f12c Extracting 3B
 9c3be1d5f12c Extracting 3B
 9c3be1d5f12c Extracting 4B
 9c3be1d5f12c Extracting 4B
 9c3be1d5f12c Extracting 4B
 9c3be1d5f12c Extracting 4B
 9c3be1d5f12c Extracting 4B
 9c3be1d5f12c Extracting 4B
 9c3be1d5f12c Extracting 4B
 9c3be1d5f12c Extracting 4B
 9c3be1d5f12c Extracting 4B
 9c3be1d5f12c Extracting 5B
 9c3be1d5f12c Extracting 5B
 9c3be1d5f12c Extracting 5B
 9c3be1d5f12c Extracting 5B
 9c3be1d5f12c Extracting 5B
 9c3be1d5f12c Extracting 5B
 9c3be1d5f12c Extracting 5B
 9c3be1d5f12c Extracting 5B
 9c3be1d5f12c Extracting 5B
 6404cd70bb37 Pull complete 0B
 3fc3aba09dd3 Extracting 1B
 9c3be1d5f12c Pull complete 0B
 3fc3aba09dd3 Extracting 1B
 3fc3aba09dd3 Extracting 1B
 3fc3aba09dd3 Extracting 1B
 3fc3aba09dd3 Extracting 1B
 3fc3aba09dd3 Extracting 1B
 3fc3aba09dd3 Extracting 1B
 3fc3aba09dd3 Extracting 1B
 3fc3aba09dd3 Extracting 1B
 3fc3aba09dd3 Extracting 1B
 3fc3aba09dd3 Extracting 1B
 3fc3aba09dd3 Extracting 2B
 3fc3aba09dd3 Extracting 2B
 3fc3aba09dd3 Extracting 2B
 3fc3aba09dd3 Extracting 2B
 3fc3aba09dd3 Extracting 2B
 3fc3aba09dd3 Extracting 2B
 3fc3aba09dd3 Extracting 2B
 3fc3aba09dd3 Extracting 2B
 3fc3aba09dd3 Extracting 2B
 3fc3aba09dd3 Extracting 3B
 3fc3aba09dd3 Extracting 3B
 3fc3aba09dd3 Extracting 3B
 3fc3aba09dd3 Extracting 3B
 3fc3aba09dd3 Extracting 3B
 3fc3aba09dd3 Extracting 3B
 3fc3aba09dd3 Extracting 3B
 3fc3aba09dd3 Extracting 3B
 3fc3aba09dd3 Extracting 3B
 3fc3aba09dd3 Extracting 3B
 3fc3aba09dd3 Extracting 3B
 3fc3aba09dd3 Extracting 4B
 3fc3aba09dd3 Extracting 4B
 3fc3aba09dd3 Extracting 4B
 3fc3aba09dd3 Extracting 4B
 3fc3aba09dd3 Extracting 4B
 3fc3aba09dd3 Extracting 4B
 3fc3aba09dd3 Extracting 4B
 3fc3aba09dd3 Extracting 4B
 3fc3aba09dd3 Extracting 4B
 3fc3aba09dd3 Extracting 4B
 3fc3aba09dd3 Extracting 5B
 3fc3aba09dd3 Extracting 5B
 3fc3aba09dd3 Extracting 5B
 3fc3aba09dd3 Extracting 5B
 3fc3aba09dd3 Extracting 5B
 3fc3aba09dd3 Extracting 5B
 3fc3aba09dd3 Extracting 5B
 3fc3aba09dd3 Extracting 5B
 3fc3aba09dd3 Extracting 5B
 3fc3aba09dd3 Extracting 5B
 3fc3aba09dd3 Extracting 6B
 3fc3aba09dd3 Extracting 6B
 3fc3aba09dd3 Extracting 6B
 3fc3aba09dd3 Extracting 6B
 3fc3aba09dd3 Extracting 6B
 3fc3aba09dd3 Extracting 6B
 3fc3aba09dd3 Extracting 6B
 3fc3aba09dd3 Extracting 6B
 3fc3aba09dd3 Extracting 6B
 3fc3aba09dd3 Extracting 6B
 3fc3aba09dd3 Extracting 7B
 3fc3aba09dd3 Extracting 7B
 3fc3aba09dd3 Extracting 7B
 3fc3aba09dd3 Extracting 7B
 3fc3aba09dd3 Extracting 7B
 3fc3aba09dd3 Extracting 7B
 3fc3aba09dd3 Extracting 7B
 3fc3aba09dd3 Extracting 7B
 3fc3aba09dd3 Extracting 7B
 3fc3aba09dd3 Extracting 7B
 3fc3aba09dd3 Extracting 8B
 3fc3aba09dd3 Extracting 8B
 3fc3aba09dd3 Extracting 8B
 3fc3aba09dd3 Extracting 8B
 3fc3aba09dd3 Extracting 8B
 3fc3aba09dd3 Extracting 8B
 3fc3aba09dd3 Extracting 8B
 3fc3aba09dd3 Pull complete 0B
 6e93d4787c57 Pull complete 0B
 63a1151502b1 Extracting 1B
 aa79769d9857 Pull complete 0B
 4091189c18e5 Pull complete 0B
 63a1151502b1 Pull complete 0B
 3bee7ffc6c2b Extracting 1B
 3bee7ffc6c2b Extracting 1B
 3bee7ffc6c2b Extracting 1B
 3bee7ffc6c2b Extracting 1B
 3bee7ffc6c2b Extracting 1B
 3bee7ffc6c2b Extracting 1B
 3bee7ffc6c2b Extracting 1B
 3bee7ffc6c2b Extracting 1B
 3bee7ffc6c2b Extracting 1B
 3bee7ffc6c2b Extracting 1B
 3bee7ffc6c2b Extracting 1B
 3bee7ffc6c2b Extracting 2B
 3bee7ffc6c2b Extracting 2B
 3bee7ffc6c2b Extracting 2B
 3bee7ffc6c2b Extracting 2B
 3bee7ffc6c2b Extracting 2B
 3bee7ffc6c2b Extracting 2B
 3bee7ffc6c2b Extracting 2B
 3bee7ffc6c2b Extracting 2B
 3bee7ffc6c2b Extracting 2B
 3bee7ffc6c2b Extracting 3B
 3bee7ffc6c2b Extracting 3B
 3bee7ffc6c2b Extracting 3B
 3bee7ffc6c2b Extracting 3B
 3bee7ffc6c2b Extracting 3B
 3bee7ffc6c2b Extracting 3B
 3bee7ffc6c2b Extracting 3B
 3bee7ffc6c2b Extracting 3B
 3bee7ffc6c2b Extracting 3B
 3bee7ffc6c2b Extracting 3B
 3bee7ffc6c2b Extracting 3B
 3bee7ffc6c2b Extracting 4B
 3bee7ffc6c2b Extracting 4B
 3bee7ffc6c2b Extracting 4B
 3bee7ffc6c2b Extracting 4B
 3bee7ffc6c2b Extracting 4B
 3bee7ffc6c2b Extracting 4B
 3bee7ffc6c2b Extracting 4B
 3bee7ffc6c2b Extracting 4B
 3bee7ffc6c2b Extracting 4B
 3bee7ffc6c2b Extracting 4B
 3bee7ffc6c2b Extracting 5B
 3bee7ffc6c2b Extracting 5B
 3bee7ffc6c2b Extracting 5B
 3bee7ffc6c2b Extracting 5B
 3bee7ffc6c2b Extracting 5B
 3bee7ffc6c2b Extracting 5B
 3bee7ffc6c2b Extracting 5B
 3bee7ffc6c2b Extracting 5B
 3bee7ffc6c2b Extracting 5B
 3bee7ffc6c2b Extracting 5B
 3bee7ffc6c2b Extracting 6B
 3bee7ffc6c2b Extracting 6B
 3bee7ffc6c2b Extracting 6B
 3bee7ffc6c2b Extracting 6B
 3bee7ffc6c2b Extracting 6B
 3bee7ffc6c2b Extracting 6B
 3bee7ffc6c2b Extracting 6B
 3bee7ffc6c2b Extracting 6B
 3bee7ffc6c2b Extracting 6B
 3bee7ffc6c2b Extracting 6B
 3bee7ffc6c2b Extracting 7B
 3bee7ffc6c2b Extracting 7B
 3bee7ffc6c2b Extracting 7B
 3bee7ffc6c2b Extracting 7B
 3bee7ffc6c2b Extracting 7B
 3bee7ffc6c2b Extracting 7B
 3bee7ffc6c2b Extracting 7B
 3bee7ffc6c2b Extracting 7B
 3bee7ffc6c2b Extracting 7B
 3bee7ffc6c2b Extracting 7B
 3bee7ffc6c2b Extracting 8B
 3bee7ffc6c2b Extracting 8B
 3bee7ffc6c2b Extracting 8B
 3bee7ffc6c2b Extracting 8B
 3bee7ffc6c2b Pull complete 0B
 Image ghcr.io/dmitrybotyan/kjar-api:latest Pulled 
+ echo '=== база и миграции ==='
=== база и миграции ===
+ ssh target 'cd /opt/kjar && docker compose --env-file .env.production -f docker/docker-compose.prod.yml up -d db'
 Container kjar-prod-db-1 Running 
+ ssh target 'cd /opt/kjar && timeout 180 bash -c '\''until docker compose --env-file .env.production -f docker/docker-compose.prod.yml exec -T db pg_isready > /dev/null 2>&1; do sleep 3; done'\'''
+ ssh target 'cd /opt/kjar && docker compose --env-file .env.production -f docker/docker-compose.prod.yml --profile tools run --rm migrate'
 Container kjar-prod-db-1 Running 
 Container kjar-prod-db-1 Waiting 
 Container kjar-prod-db-1 Healthy 
 Container kjar-prod-migrate-run-e923618f9072 Creating 
 Container kjar-prod-migrate-run-e923618f9072 Created 
🔄 Применение миграций...
✅ Миграции успешно применены
+ echo '=== запуск ==='
=== запуск ===
+ ssh target 'cd /opt/kjar && docker compose --env-file .env.production -f docker/docker-compose.prod.yml up -d && docker compose --env-file .env.production -f docker/docker-compose.prod.yml ps'
 Container kjar-prod-minio-1 Running 
 Container kjar-prod-db-1 Running 
 Container kjar-prod-nginx-1 Running 
 Container kjar-prod-api-1 Recreate 
 Container kjar-prod-api-1 Recreated 
 Container kjar-prod-web-1 Recreate 
 Container kjar-prod-web-1 Recreated 
 Container kjar-prod-minio-1 Waiting 
 Container kjar-prod-minio-1 Waiting 
 Container kjar-prod-db-1 Waiting 
 Container kjar-prod-minio-1 Healthy 
 Container kjar-prod-minio-1 Healthy 
 Container kjar-prod-minio-setup-1 Starting 
 Container kjar-prod-db-1 Healthy 
 Container kjar-prod-api-1 Starting 
 Container kjar-prod-minio-setup-1 Started 
 Container kjar-prod-api-1 Started 
 Container kjar-prod-api-1 Waiting 
 Container kjar-prod-api-1 Healthy 
 Container kjar-prod-web-1 Starting 
 Container kjar-prod-web-1 Started 
NAME                IMAGE                                  COMMAND                  SERVICE   CREATED          STATUS                   PORTS
kjar-prod-api-1     ghcr.io/dmitrybotyan/kjar-api:latest   "docker-entrypoint.s…"   api       18 seconds ago   Up 6 seconds (healthy)   3001/tcp
kjar-prod-db-1      postgres:16-alpine                     "docker-entrypoint.s…"   db        3 hours ago      Up 3 hours (healthy)     5432/tcp
kjar-prod-minio-1   pgsty/minio:latest                     "/usr/bin/docker-ent…"   minio     3 hours ago      Up 3 hours (healthy)     9000/tcp
kjar-prod-nginx-1   nginx:1.27-alpine                      "/docker-entrypoint.…"   nginx     31 minutes ago   Up 30 minutes            0.0.0.0:80->80/tcp, [::]:80->80/tcp, 0.0.0.0:443->443/tcp, [::]:443->443/tcp
kjar-prod-web-1     ghcr.io/dmitrybotyan/kjar-web:latest   "docker-entrypoint.s…"   web       7 seconds ago    Up Less than a second    3000/tcp
+ ssh target 'cd /opt/kjar && docker compose --env-file .env.production -f docker/docker-compose.prod.yml exec -T nginx nginx -s reload'
2026/10/02 13:40:16 [notice] 38#38: signal process started
+ echo '=== проверка ==='
=== проверка ===
+ ssh target 'for i in $(seq 1 30); do
    code=$(curl -s -o /dev/null -w '\''%{http_code}'\'' http://localhost/ || true)
    echo "попытка $i: $code"
    [ "$code" = '\''200'\'' ] && exit 0
    sleep 5
  done
  cd /opt/kjar && docker compose --env-file .env.production -f docker/docker-compose.prod.yml logs --tail=60 web api nginx
  exit 1'
попытка 1: 200
+ echo '=== чистка ==='
=== чистка ===
+ ssh target 'docker logout ghcr.io; docker image prune -f'
Removing login credentials for ghcr.io
Deleted Images:
untagged: sha256:8f58f0142ce87a9892c717983ff87b90b94a97ed0e98a32d2025aa77ddd38ac9
deleted: sha256:8f58f0142ce87a9892c717983ff87b90b94a97ed0e98a32d2025aa77ddd38ac9
untagged: sha256:2c0aca7711f36c0ce42b9354fb7f1a4d2c0b352e1fc91ace98fb6d3331006758
deleted: sha256:2c0aca7711f36c0ce42b9354fb7f1a4d2c0b352e1fc91ace98fb6d3331006758

Total reclaimed space: 2.335GB

прогон: 37013827566
результат: success
